ticket_no;flight_id;boarding_no;seat_no
TKT-0000001;1;6;40A
TKT-0000001;2;9;7B
TKT-0000001;3;6;13C
TKT-0000001;4;11;7A
TKT-0000001;5;7;7D
TKT-0000001;6;13;39C
TKT-0000001;7;1;5A
TKT-0000001;8;14;6D
TKT-0000001;9;14;36C
TKT-0000001;10;14;21A
TKT-0000001;11;8;40A
TKT-0000001;12;14;6B
TKT-0000001;13;0;35C
TKT-0000001;14;10;8D
TKT-0000001;15;0;25C
TKT-0000001;16;6;11D
TKT-0000001;17;14;5D
TKT-0000001;18;10;4B
TKT-0000001;19;7;28A
TKT-0000001;20;11;23D
TKT-0000001;21;8;10C
TKT-0000001;22;5;7C
TKT-0000001;23;4;23A
TKT-0000001;24;8;27B
TKT-0000001;25;12;4B
TKT-0000001;26;4;38C
TKT-0000001;27;4;25D
TKT-0000001;28;11;3A
TKT-0000001;29;3;34C
TKT-0000001;30;13;32A
TKT-0000001;31;13;20B
TKT-0000001;32;11;37D
TKT-0000001;33;2;5C
TKT-0000001;34;4;23C
TKT-0000001;35;1;23D
TKT-0000001;36;7;13A
TKT-0000001;37;12;38C
TKT-0000001;38;2;38C
TKT-0000001;39;5;17B
TKT-0000001;40;5;28D
TKT-0000001;41;10;8B
TKT-0000001;42;13;16A
TKT-0000001;43;12;30C
TKT-0000001;44;2;38B
TKT-0000001;45;3;25D
TKT-0000001;46;4;10A
TKT-0000001;47;10;11C
TKT-0000001;48;4;36A
TKT-0000001;49;6;16D
TKT-0000001;50;6;15B
TKT-0000001;51;2;26D
TKT-0000001;52;1;2B
TKT-0000001;53;4;6A
TKT-0000001;54;14;40D
TKT-0000001;55;6;32D
TKT-0000001;56;3;11A
TKT-0000001;57;9;38A
TKT-0000001;58;3;7C
TKT-0000001;59;1;26C
TKT-0000001;60;12;36C
TKT-0000001;61;12;1D
TKT-0000001;62;12;31A
TKT-0000001;63;12;2B
TKT-0000001;64;13;29B
TKT-0000001;65;0;2C
TKT-0000001;66;14;7A
TKT-0000001;67;6;38A
TKT-0000001;68;13;15C
TKT-0000001;69;12;32B
TKT-0000001;70;5;24B
TKT-0000001;71;12;30C
TKT-0000001;72;8;23B
TKT-0000001;73;4;39B
TKT-0000001;74;0;22C
TKT-0000001;75;14;18C
TKT-0000001;76;11;12D
TKT-0000001;77;11;2D
TKT-0000001;78;13;35A
TKT-0000001;79;4;7A
TKT-0000001;80;13;19C
TKT-0000001;81;13;21D
TKT-0000001;82;11;14C
TKT-0000001;83;13;5B
TKT-0000001;84;11;20B
TKT-0000001;85;1;13B
TKT-0000001;86;14;2D
TKT-0000001;87;7;10B
TKT-0000001;88;10;35A
TKT-0000001;89;2;29A
TKT-0000001;90;13;33C
TKT-0000001;91;8;29C
TKT-0000001;92;8;39C
TKT-0000001;93;14;34D
TKT-0000001;94;12;37A
TKT-0000001;95;14;14B
TKT-0000001;96;10;24D
TKT-0000001;97;1;1B
TKT-0000001;98;12;30C
TKT-0000001;99;13;1C
TKT-0000002;1;0;27C
TKT-0000002;2;14;18A
TKT-0000002;3;0;22C
TKT-0000002;4;10;29A
TKT-0000002;5;6;36C
TKT-0000002;6;8;37C
TKT-0000002;7;12;4B
TKT-0000002;8;6;25B
TKT-0000002;9;11;17A
TKT-0000002;10;8;24A
TKT-0000002;11;10;6A
TKT-0000002;12;4;32B
TKT-0000002;13;8;27B
TKT-0000002;14;6;3B
TKT-0000002;15;6;33B
TKT-0000002;16;13;17C
TKT-0000002;17;13;26D
TKT-0000002;18;0;11D
TKT-0000002;19;7;33D
TKT-0000002;20;2;1B
TKT-0000002;21;9;17C
TKT-0000002;22;11;30A
TKT-0000002;23;12;2C
TKT-0000002;24;12;6D
TKT-0000002;25;3;38A
TKT-0000002;26;7;31D
TKT-0000002;27;1;2C
TKT-0000002;28;7;32B
TKT-0000002;29;4;9A
TKT-0000002;30;3;14B
TKT-0000002;31;1;13A
TKT-0000002;32;11;25D
TKT-0000002;33;10;13A
TKT-0000002;34;12;28A
TKT-0000002;35;7;15A
TKT-0000002;36;5;9A
TKT-0000002;37;11;22D
TKT-0000002;38;11;29D
TKT-0000002;39;11;22A
TKT-0000002;40;14;14D
TKT-0000002;41;11;37A
TKT-0000002;42;1;37C
TKT-0000002;43;1;28A
TKT-0000002;44;1;31B
TKT-0000002;45;10;4A
TKT-0000002;46;0;15D
TKT-0000002;47;8;17A
TKT-0000002;48;9;36D
TKT-0000002;49;1;33C
TKT-0000002;50;0;15C
TKT-0000002;51;4;32B
TKT-0000002;52;8;30B
TKT-0000002;53;0;9B
TKT-0000002;54;7;19D
TKT-0000002;55;7;40C
TKT-0000002;56;12;11B
TKT-0000002;57;2;35B
TKT-0000002;58;7;37C
TKT-0000002;59;1;8B
TKT-0000002;60;7;28C
TKT-0000002;61;13;22D
TKT-0000002;62;2;40A
TKT-0000002;63;6;27C
TKT-0000002;64;2;18A
TKT-0000002;65;3;20A
TKT-0000002;66;13;10B
TKT-0000002;67;13;15C
TKT-0000002;68;5;18C
TKT-0000002;69;1;32A
TKT-0000002;70;3;20D
TKT-0000002;71;8;37A
TKT-0000002;72;14;38D
TKT-0000002;73;3;20C
TKT-0000002;74;6;9A
TKT-0000002;75;8;13A
TKT-0000002;76;0;3C
TKT-0000002;77;13;12D
TKT-0000002;78;10;4D
TKT-0000002;79;3;1A
TKT-0000002;80;10;5A
TKT-0000002;81;2;33A
TKT-0000002;82;12;33A
TKT-0000002;83;7;15A
TKT-0000002;84;14;35D
TKT-0000002;85;9;4B
TKT-0000002;86;9;9C
TKT-0000002;87;8;21A
TKT-0000002;88;13;2B
TKT-0000002;89;2;29D
TKT-0000002;90;8;37D
TKT-0000002;91;0;13B
TKT-0000002;92;14;4B
TKT-0000002;93;14;5B
TKT-0000002;94;8;1D
TKT-0000002;95;1;11A
TKT-0000002;96;7;39B
TKT-0000002;97;2;3D
TKT-0000002;98;9;5D
TKT-0000002;99;13;38D
TKT-0000003;1;2;33A
TKT-0000003;2;7;39B
TKT-0000003;3;11;29C
TKT-0000003;4;1;36D
TKT-0000003;5;6;16C
TKT-0000003;6;9;28B
TKT-0000003;7;1;15B
TKT-0000003;8;4;23C
TKT-0000003;9;7;3C
TKT-0000003;10;5;26B
TKT-0000003;11;6;38A
TKT-0000003;12;14;11B
TKT-0000003;13;6;7D
TKT-0000003;14;13;3C
TKT-0000003;15;1;26A
TKT-0000003;16;14;3A
TKT-0000003;17;12;34B
TKT-0000003;18;11;4A
TKT-0000003;19;14;32D
TKT-0000003;20;10;40C
TKT-0000003;21;6;8D
TKT-0000003;22;4;5B
TKT-0000003;23;6;34B
TKT-0000003;24;5;26B
TKT-0000003;25;11;15C
TKT-0000003;26;7;23C
TKT-0000003;27;9;4D
TKT-0000003;28;1;5C
TKT-0000003;29;3;40C
TKT-0000003;30;7;30D
TKT-0000003;31;3;26A
TKT-0000003;32;7;40B
TKT-0000003;33;1;36A
TKT-0000003;34;1;30D
TKT-0000003;35;12;11A
TKT-0000003;36;0;22B
TKT-0000003;37;0;9B
TKT-0000003;38;2;23D
TKT-0000003;39;4;13C
TKT-0000003;40;6;33A
TKT-0000003;41;5;32C
TKT-0000003;42;0;13A
TKT-0000003;43;4;19A
TKT-0000003;44;5;38B
TKT-0000003;45;14;28A
TKT-0000003;46;5;38C
TKT-0000003;47;1;24C
TKT-0000003;48;6;32A
TKT-0000003;49;0;3C
TKT-0000003;50;12;25B
TKT-0000003;51;5;8B
TKT-0000003;52;6;30C
TKT-0000003;53;7;30C
TKT-0000003;54;8;35A
TKT-0000003;55;7;19A
TKT-0000003;56;0;10B
TKT-0000003;57;11;7A
TKT-0000003;58;13;11D
TKT-0000003;59;14;16C
TKT-0000003;60;4;19D
TKT-0000003;61;0;7B
TKT-0000003;62;4;29B
TKT-0000003;63;2;18B
TKT-0000003;64;8;37B
TKT-0000003;65;1;40D
TKT-0000003;66;8;24D
TKT-0000003;67;4;36C
TKT-0000003;68;12;6A
TKT-0000003;69;11;2D
TKT-0000003;70;6;8C
TKT-0000003;71;1;6D
TKT-0000003;72;0;10D
TKT-0000003;73;10;38D
TKT-0000003;74;11;32C
TKT-0000003;75;4;3C
TKT-0000003;76;10;13D
TKT-0000003;77;7;29B
TKT-0000003;78;4;7B
TKT-0000003;79;4;20B
TKT-0000003;80;4;7C
TKT-0000003;81;6;28C
TKT-0000003;82;12;38D
TKT-0000003;83;4;2D
TKT-0000003;84;12;22A
TKT-0000003;85;11;23B
TKT-0000003;86;6;40A
TKT-0000003;87;9;33D
TKT-0000003;88;0;39A
TKT-0000003;89;7;37D
TKT-0000003;90;8;17D
TKT-0000003;91;0;35C
TKT-0000003;92;11;14A
TKT-0000003;93;11;29D
TKT-0000003;94;2;14D
TKT-0000003;95;5;39B
TKT-0000003;96;9;20D
TKT-0000003;97;2;15B
TKT-0000003;98;4;19B
TKT-0000003;99;0;23B
TKT-0000004;1;8;6A
TKT-0000004;2;13;37D
TKT-0000004;3;9;20C
TKT-0000004;4;11;34D
TKT-0000004;5;8;4C
TKT-0000004;6;1;10C
TKT-0000004;7;10;1A
TKT-0000004;8;13;16C
TKT-0000004;9;1;4A
TKT-0000004;10;12;27B
TKT-0000004;11;6;28A
TKT-0000004;12;9;35B
TKT-0000004;13;5;20C
TKT-0000004;14;13;6A
TKT-0000004;15;12;14C
TKT-0000004;16;3;22B
TKT-0000004;17;14;27C
TKT-0000004;18;1;17A
TKT-0000004;19;5;31C
TKT-0000004;20;11;3D
TKT-0000004;21;12;29A
TKT-0000004;22;2;34C
TKT-0000004;23;0;5A
TKT-0000004;24;12;28C
TKT-0000004;25;11;16B
TKT-0000004;26;5;9C
TKT-0000004;27;13;7C
TKT-0000004;28;8;28C
TKT-0000004;29;4;38B
TKT-0000004;30;10;7B
TKT-0000004;31;10;20B
TKT-0000004;32;10;26B
TKT-0000004;33;6;21A
TKT-0000004;34;7;18C
TKT-0000004;35;7;25A
TKT-0000004;36;7;9A
TKT-0000004;37;13;39A
TKT-0000004;38;3;38A
TKT-0000004;39;7;3A
TKT-0000004;40;5;20B
TKT-0000004;41;7;28B
TKT-0000004;42;14;40C
TKT-0000004;43;7;32D
TKT-0000004;44;0;33A
TKT-0000004;45;11;28D
TKT-0000004;46;1;27B
TKT-0000004;47;12;37B
TKT-0000004;48;0;20A
TKT-0000004;49;10;35D
TKT-0000004;50;10;4B
TKT-0000004;51;2;7B
TKT-0000004;52;0;14D
TKT-0000004;53;5;16A
TKT-0000004;54;13;34B
TKT-0000004;55;13;6A
TKT-0000004;56;14;30C
TKT-0000004;57;14;27A
TKT-0000004;58;0;13A
TKT-0000004;59;0;12C
TKT-0000004;60;2;34B
TKT-0000004;61;13;30D
TKT-0000004;62;12;36A
TKT-0000004;63;8;29B
TKT-0000004;64;12;22D
TKT-0000004;65;12;8B
TKT-0000004;66;3;28B
TKT-0000004;67;4;19B
TKT-0000004;68;1;33B
TKT-0000004;69;1;5C
TKT-0000004;70;0;34B
TKT-0000004;71;3;23C
TKT-0000004;72;0;30D
TKT-0000004;73;0;23A
TKT-0000004;74;7;15B
TKT-0000004;75;10;13D
TKT-0000004;76;7;31C
TKT-0000004;77;5;34C
TKT-0000004;78;9;23A
TKT-0000004;79;11;25A
TKT-0000004;80;3;25A
TKT-0000004;81;7;2B
TKT-0000004;82;4;8B
TKT-0000004;83;8;34C
TKT-0000004;84;1;10A
TKT-0000004;85;9;15C
TKT-0000004;86;8;35D
TKT-0000004;87;2;3D
TKT-0000004;88;9;19D
TKT-0000004;89;9;30D
TKT-0000004;90;9;19B
TKT-0000004;91;5;20D
TKT-0000004;92;7;7A
TKT-0000004;93;1;3A
TKT-0000004;94;13;29B
TKT-0000004;95;14;20B
TKT-0000004;96;14;7C
TKT-0000004;97;12;18D
TKT-0000004;98;11;14B
TKT-0000004;99;0;10B
TKT-0000005;1;2;27D
TKT-0000005;2;12;6B
TKT-0000005;3;3;34D
TKT-0000005;4;1;30C
TKT-0000005;5;4;22B
TKT-0000005;6;13;14A
TKT-0000005;7;2;4C
TKT-0000005;8;8;7C
TKT-0000005;9;0;23A
TKT-0000005;10;0;20B
TKT-0000005;11;3;31B
TKT-0000005;12;0;19D
TKT-0000005;13;14;15D
TKT-0000005;14;7;38D
TKT-0000005;15;10;5A
TKT-0000005;16;10;3D
TKT-0000005;17;3;22B
TKT-0000005;18;14;8C
TKT-0000005;19;5;6C
TKT-0000005;20;9;35D
TKT-0000005;21;1;10C
TKT-0000005;22;12;8B
TKT-0000005;23;9;35D
TKT-0000005;24;0;27A
TKT-0000005;25;12;6D
TKT-0000005;26;14;1B
TKT-0000005;27;3;27B
TKT-0000005;28;1;15B
TKT-0000005;29;7;21D
TKT-0000005;30;8;13C
TKT-0000005;31;7;20C
TKT-0000005;32;4;24D
TKT-0000005;33;5;29C
TKT-0000005;34;10;4D
TKT-0000005;35;12;9A
TKT-0000005;36;9;24A
TKT-0000005;37;8;6B
TKT-0000005;38;6;20A
TKT-0000005;39;9;26A
TKT-0000005;40;5;26D
TKT-0000005;41;7;36A
TKT-0000005;42;8;4C
TKT-0000005;43;2;36D
TKT-0000005;44;8;26D
TKT-0000005;45;10;11B
TKT-0000005;46;1;25C
TKT-0000005;47;7;7D
TKT-0000005;48;5;14B
TKT-0000005;49;5;9C
TKT-0000005;50;14;7A
TKT-0000005;51;9;33A
TKT-0000005;52;10;32A
TKT-0000005;53;5;1C
TKT-0000005;54;14;3D
TKT-0000005;55;5;24A
TKT-0000005;56;0;22D
TKT-0000005;57;7;8D
TKT-0000005;58;11;2D
TKT-0000005;59;12;32D
TKT-0000005;60;13;4B
TKT-0000005;61;3;1D
TKT-0000005;62;12;2C
TKT-0000005;63;2;23C
TKT-0000005;64;7;35A
TKT-0000005;65;14;2D
TKT-0000005;66;13;18A
TKT-0000005;67;13;33D
TKT-0000005;68;12;34C
TKT-0000005;69;0;8A
TKT-0000005;70;11;3D
TKT-0000005;71;11;20D
TKT-0000005;72;1;15C
TKT-0000005;73;4;33B
TKT-0000005;74;9;17D
TKT-0000005;75;7;8A
TKT-0000005;76;4;10D
TKT-0000005;77;7;38B
TKT-0000005;78;1;10D
TKT-0000005;79;7;28C
TKT-0000005;80;13;19C
TKT-0000005;81;0;5B
TKT-0000005;82;14;38D
TKT-0000005;83;14;12B
TKT-0000005;84;8;27A
TKT-0000005;85;2;30A
TKT-0000005;86;10;8D
TKT-0000005;87;0;26B
TKT-0000005;88;11;26D
TKT-0000005;89;8;1B
TKT-0000005;90;13;31D
TKT-0000005;91;4;10B
TKT-0000005;92;0;18A
TKT-0000005;93;3;5C
TKT-0000005;94;8;33A
TKT-0000005;95;4;13C
TKT-0000005;96;1;7C
TKT-0000005;97;7;33D
TKT-0000005;98;10;28A
TKT-0000005;99;10;6A
TKT-0000006;1;12;32B
TKT-0000006;2;13;28A
TKT-0000006;3;9;28D
TKT-0000006;4;12;6B
TKT-0000006;5;12;15A
TKT-0000006;6;3;8A
TKT-0000006;7;11;22A
TKT-0000006;8;13;23C
TKT-0000006;9;11;4D
TKT-0000006;10;11;37D
TKT-0000006;11;0;15D
TKT-0000006;12;10;28C
TKT-0000006;13;4;20C
TKT-0000006;14;6;5A
TKT-0000006;15;8;23A
TKT-0000006;16;1;4B
TKT-0000006;17;6;25C
TKT-0000006;18;3;38A
TKT-0000006;19;2;11B
TKT-0000006;20;0;27C
TKT-0000006;21;2;27B
TKT-0000006;22;1;16C
TKT-0000006;23;3;6B
TKT-0000006;24;12;12C
TKT-0000006;25;12;40B
TKT-0000006;26;12;16D
TKT-0000006;27;8;11B
TKT-0000006;28;2;40B
TKT-0000006;29;5;39C
TKT-0000006;30;13;10C
TKT-0000006;31;9;7A
TKT-0000006;32;11;33A
TKT-0000006;33;1;12C
TKT-0000006;34;9;4A
TKT-0000006;35;14;4B
TKT-0000006;36;12;39C
TKT-0000006;37;2;31B
TKT-0000006;38;1;10C
TKT-0000006;39;1;26A
TKT-0000006;40;7;32C
TKT-0000006;41;13;7C
TKT-0000006;42;4;33B
TKT-0000006;43;9;20A
TKT-0000006;44;12;28B
TKT-0000006;45;14;20A
TKT-0000006;46;8;6C
TKT-0000006;47;10;34B
TKT-0000006;48;1;9A
TKT-0000006;49;5;40B
TKT-0000006;50;4;5B
TKT-0000006;51;1;38C
TKT-0000006;52;14;15C
TKT-0000006;53;2;10B
TKT-0000006;54;12;36B
TKT-0000006;55;5;7C
TKT-0000006;56;4;16D
TKT-0000006;57;13;6C
TKT-0000006;58;3;19A
TKT-0000006;59;14;1C
TKT-0000006;60;0;9A
TKT-0000006;61;5;28A
TKT-0000006;62;4;14A
TKT-0000006;63;10;7A
TKT-0000006;64;0;26B
TKT-0000006;65;5;32B
TKT-0000006;66;8;23D
TKT-0000006;67;0;28B
TKT-0000006;68;2;25A
TKT-0000006;69;7;34D
TKT-0000006;70;2;6D
TKT-0000006;71;1;24D
TKT-0000006;72;2;22B
TKT-0000006;73;4;33C
TKT-0000006;74;11;26B
TKT-0000006;75;5;5A
TKT-0000006;76;9;28C
TKT-0000006;77;8;22D
TKT-0000006;78;4;7D
TKT-0000006;79;13;19B
TKT-0000006;80;12;26B
TKT-0000006;81;9;10D
TKT-0000006;82;1;13A
TKT-0000006;83;0;8A
TKT-0000006;84;4;5C
TKT-0000006;85;13;36C
TKT-0000006;86;8;23C
TKT-0000006;87;10;32B
TKT-0000006;88;11;13C
TKT-0000006;89;5;39C
TKT-0000006;90;5;4D
TKT-0000006;91;0;18C
TKT-0000006;92;3;35B
TKT-0000006;93;11;15C
TKT-0000006;94;10;38A
TKT-0000006;95;13;24D
TKT-0000006;96;11;5D
TKT-0000006;97;10;4D
TKT-0000006;98;9;6B
TKT-0000006;99;14;35D
TKT-0000007;1;11;10D
TKT-0000007;2;5;28B
TKT-0000007;3;4;5D
TKT-0000007;4;6;29D
TKT-0000007;5;4;9C
TKT-0000007;6;7;22A
TKT-0000007;7;0;15B
TKT-0000007;8;12;35C
TKT-0000007;9;11;33A
TKT-0000007;10;6;23D
TKT-0000007;11;1;16A
TKT-0000007;12;8;2A
TKT-0000007;13;5;36B
TKT-0000007;14;9;40D
TKT-0000007;15;14;30A
TKT-0000007;16;1;25D
TKT-0000007;17;3;4A
TKT-0000007;18;2;11A
TKT-0000007;19;4;23B
TKT-0000007;20;13;20C
TKT-0000007;21;13;22B
TKT-0000007;22;8;11A
TKT-0000007;23;7;25D
TKT-0000007;24;1;8B
TKT-0000007;25;11;28A
TKT-0000007;26;9;30C
TKT-0000007;27;0;20C
TKT-0000007;28;0;26D
TKT-0000007;29;8;33B
TKT-0000007;30;14;26A
TKT-0000007;31;0;30B
TKT-0000007;32;1;14B
TKT-0000007;33;11;17D
TKT-0000007;34;13;24B
TKT-0000007;35;6;27B
TKT-0000007;36;13;32A
TKT-0000007;37;12;33D
TKT-0000007;38;2;7C
TKT-0000007;39;0;9A
TKT-0000007;40;9;23D
TKT-0000007;41;13;27D
TKT-0000007;42;4;17C
TKT-0000007;43;6;32A
TKT-0000007;44;4;7D
TKT-0000007;45;8;4C
TKT-0000007;46;11;32B
TKT-0000007;47;9;21C
TKT-0000007;48;11;7C
TKT-0000007;49;8;27C
TKT-0000007;50;4;35C
TKT-0000007;51;0;31D
TKT-0000007;52;9;29C
TKT-0000007;53;0;3D
TKT-0000007;54;3;28A
TKT-0000007;55;10;37D
TKT-0000007;56;9;24B
TKT-0000007;57;0;23A
TKT-0000007;58;0;17D
TKT-0000007;59;10;14B
TKT-0000007;60;7;4B
TKT-0000007;61;10;6A
TKT-0000007;62;2;33B
TKT-0000007;63;9;28D
TKT-0000007;64;3;16B
TKT-0000007;65;1;10D
TKT-0000007;66;12;37A
TKT-0000007;67;3;11B
TKT-0000007;68;9;20C
TKT-0000007;69;3;3B
TKT-0000007;70;13;24C
TKT-0000007;71;7;12A
TKT-0000007;72;4;37B
TKT-0000007;73;6;22A
TKT-0000007;74;1;31C
TKT-0000007;75;10;13D
TKT-0000007;76;0;36B
TKT-0000007;77;12;5A
TKT-0000007;78;14;34A
TKT-0000007;79;2;3D
TKT-0000007;80;5;6C
TKT-0000007;81;6;36A
TKT-0000007;82;13;36B
TKT-0000007;83;7;5A
TKT-0000007;84;12;39D
TKT-0000007;85;0;38B
TKT-0000007;86;8;30B
TKT-0000007;87;0;15A
TKT-0000007;88;2;10C
TKT-0000007;89;1;19C
TKT-0000007;90;4;34A
TKT-0000007;91;8;36D
TKT-0000007;92;0;27C
TKT-0000007;93;1;32D
TKT-0000007;94;8;11A
TKT-0000007;95;2;11D
TKT-0000007;96;8;17D
TKT-0000007;97;10;22A
TKT-0000007;98;9;32A
TKT-0000007;99;8;35D
TKT-0000008;1;0;9C
TKT-0000008;2;13;5C
TKT-0000008;3;7;7C
TKT-0000008;4;13;7A
TKT-0000008;5;2;27D
TKT-0000008;6;4;9C
TKT-0000008;7;1;4C
TKT-0000008;8;1;23A
TKT-0000008;9;1;12C
TKT-0000008;10;7;36B
TKT-0000008;11;10;30D
TKT-0000008;12;3;40A
TKT-0000008;13;6;28C
TKT-0000008;14;9;17C
TKT-0000008;15;11;3D
TKT-0000008;16;0;12C
TKT-0000008;17;11;6C
TKT-0000008;18;4;3C
TKT-0000008;19;13;28B
TKT-0000008;20;9;10A
TKT-0000008;21;10;17C
TKT-0000008;22;12;15B
TKT-0000008;23;0;36A
TKT-0000008;24;4;39D
TKT-0000008;25;9;38D
TKT-0000008;26;1;25C
TKT-0000008;27;0;29B
TKT-0000008;28;4;36B
TKT-0000008;29;3;17A
TKT-0000008;30;7;27B
TKT-0000008;31;4;36B
TKT-0000008;32;8;2B
TKT-0000008;33;1;21B
TKT-0000008;34;13;17D
TKT-0000008;35;14;7B
TKT-0000008;36;0;32C
TKT-0000008;37;4;28A
TKT-0000008;38;1;28A
TKT-0000008;39;0;14D
TKT-0000008;40;7;11D
TKT-0000008;41;6;24C
TKT-0000008;42;4;4A
TKT-0000008;43;9;12B
TKT-0000008;44;9;29A
TKT-0000008;45;11;5D
TKT-0000008;46;5;30B
TKT-0000008;47;10;8B
TKT-0000008;48;5;20D
TKT-0000008;49;11;30A
TKT-0000008;50;7;16A
TKT-0000008;51;0;12D
TKT-0000008;52;3;38C
TKT-0000008;53;1;2D
TKT-0000008;54;1;14D
TKT-0000008;55;2;13D
TKT-0000008;56;1;8B
TKT-0000008;57;1;36D
TKT-0000008;58;2;7C
TKT-0000008;59;10;4A
TKT-0000008;60;5;11D
TKT-0000008;61;0;18A
TKT-0000008;62;3;17A
TKT-0000008;63;10;36D
TKT-0000008;64;6;19C
TKT-0000008;65;8;2A
TKT-0000008;66;10;1B
TKT-0000008;67;10;38C
TKT-0000008;68;9;27C
TKT-0000008;69;12;20C
TKT-0000008;70;10;27D
TKT-0000008;71;5;28A
TKT-0000008;72;13;23A
TKT-0000008;73;3;37C
TKT-0000008;74;2;28C
TKT-0000008;75;14;16C
TKT-0000008;76;12;31C
TKT-0000008;77;3;16B
TKT-0000008;78;2;39D
TKT-0000008;79;12;27A
TKT-0000008;80;1;38D
TKT-0000008;81;12;4B
TKT-0000008;82;6;37A
TKT-0000008;83;12;33A
TKT-0000008;84;2;11A
TKT-0000008;85;11;35B
TKT-0000008;86;11;15A
TKT-0000008;87;8;24A
TKT-0000008;88;11;22A
TKT-0000008;89;11;38C
TKT-0000008;90;6;18D
TKT-0000008;91;10;34A
TKT-0000008;92;10;25A
TKT-0000008;93;2;39A
TKT-0000008;94;6;24C
TKT-0000008;95;10;32B
TKT-0000008;96;7;22A
TKT-0000008;97;0;31D
TKT-0000008;98;1;12B
TKT-0000008;99;6;27C
TKT-0000009;1;10;24A
TKT-0000009;2;5;10D
TKT-0000009;3;8;3B
TKT-0000009;4;3;21B
TKT-0000009;5;5;12C
TKT-0000009;6;12;23D
TKT-0000009;7;12;19C
TKT-0000009;8;6;3C
TKT-0000009;9;13;40B
TKT-0000009;10;2;13C
TKT-0000009;11;5;21D
TKT-0000009;12;12;30C
TKT-0000009;13;9;28C
TKT-0000009;14;8;22C
TKT-0000009;15;9;21A
TKT-0000009;16;13;6B
TKT-0000009;17;4;8A
TKT-0000009;18;12;18D
TKT-0000009;19;12;33B
TKT-0000009;20;1;15C
TKT-0000009;21;14;9A
TKT-0000009;22;14;12A
TKT-0000009;23;11;15C
TKT-0000009;24;9;27C
TKT-0000009;25;5;40A
TKT-0000009;26;7;4C
TKT-0000009;27;10;25C
TKT-0000009;28;11;12B
TKT-0000009;29;8;27C
TKT-0000009;30;5;13A
TKT-0000009;31;4;37C
TKT-0000009;32;8;35A
TKT-0000009;33;11;5A
TKT-0000009;34;12;8A
TKT-0000009;35;10;29C
TKT-0000009;36;9;1A
TKT-0000009;37;0;27D
TKT-0000009;38;2;38A
TKT-0000009;39;9;34C
TKT-0000009;40;2;6A
TKT-0000009;41;4;14C
TKT-0000009;42;6;20A
TKT-0000009;43;11;33B
TKT-0000009;44;9;24A
TKT-0000009;45;11;11C
TKT-0000009;46;13;8C
TKT-0000009;47;5;2B
TKT-0000009;48;4;15D
TKT-0000009;49;14;6A
TKT-0000009;50;9;22A
TKT-0000009;51;5;6D
TKT-0000009;52;12;13B
TKT-0000009;53;4;19B
TKT-0000009;54;9;26A
TKT-0000009;55;13;28C
TKT-0000009;56;9;14B
TKT-0000009;57;6;27D
TKT-0000009;58;3;18A
TKT-0000009;59;7;27C
TKT-0000009;60;11;39C
TKT-0000009;61;0;9D
TKT-0000009;62;2;36C
TKT-0000009;63;8;11A
TKT-0000009;64;9;23D
TKT-0000009;65;2;31C
TKT-0000009;66;2;8B
TKT-0000009;67;13;4B
TKT-0000009;68;9;23C
TKT-0000009;69;14;10B
TKT-0000009;70;12;6B
TKT-0000009;71;7;5B
TKT-0000009;72;10;2C
TKT-0000009;73;4;21A
TKT-0000009;74;4;26D
TKT-0000009;75;5;17B
TKT-0000009;76;11;28C
TKT-0000009;77;6;12B
TKT-0000009;78;11;26D
TKT-0000009;79;0;32C
TKT-0000009;80;3;30D
TKT-0000009;81;10;17C
TKT-0000009;82;5;38B
TKT-0000009;83;0;24A
TKT-0000009;84;5;11A
TKT-0000009;85;1;33C
TKT-0000009;86;0;10A
TKT-0000009;87;3;35C
TKT-0000009;88;14;26A
TKT-0000009;89;10;2A
TKT-0000009;90;2;7C
TKT-0000009;91;3;24A
TKT-0000009;92;10;25A
TKT-0000009;93;6;33D
TKT-0000009;94;6;23C
TKT-0000009;95;4;7A
TKT-0000009;96;13;26B
TKT-0000009;97;2;32D
TKT-0000009;98;13;26C
TKT-0000009;99;8;15C
TKT-0000010;1;8;22A
TKT-0000010;2;0;14B
TKT-0000010;3;2;11B
TKT-0000010;4;12;21A
TKT-0000010;5;13;39D
TKT-0000010;6;14;27B
TKT-0000010;7;14;26A
TKT-0000010;8;14;30D
TKT-0000010;9;9;24A
TKT-0000010;10;5;34C
TKT-0000010;11;8;20A
TKT-0000010;12;9;4B
TKT-0000010;13;1;9A
TKT-0000010;14;13;28C
TKT-0000010;15;10;26B
TKT-0000010;16;9;23B
TKT-0000010;17;12;19C
TKT-0000010;18;6;19B
TKT-0000010;19;6;38A
TKT-0000010;20;7;32D
TKT-0000010;21;13;25B
TKT-0000010;22;7;13A
TKT-0000010;23;8;25D
TKT-0000010;24;7;7B
TKT-0000010;25;8;19C
TKT-0000010;26;14;18B
TKT-0000010;27;8;12D
TKT-0000010;28;12;2B
TKT-0000010;29;1;4C
TKT-0000010;30;5;8D
TKT-0000010;31;0;34C
TKT-0000010;32;14;11D
TKT-0000010;33;11;10A
TKT-0000010;34;12;14D
TKT-0000010;35;4;39D
TKT-0000010;36;8;8B
TKT-0000010;37;7;34D
TKT-0000010;38;1;21A
TKT-0000010;39;8;25C
TKT-0000010;40;11;38B
TKT-0000010;41;11;36D
TKT-0000010;42;11;26A
TKT-0000010;43;13;2A
TKT-0000010;44;8;6B
TKT-0000010;45;9;17A
TKT-0000010;46;9;12A
TKT-0000010;47;12;15A
TKT-0000010;48;8;2A
TKT-0000010;49;2;13A
TKT-0000010;50;13;28D
TKT-0000010;51;7;33D
TKT-0000010;52;10;4A
TKT-0000010;53;2;5D
TKT-0000010;54;14;24A
TKT-0000010;55;9;25C
TKT-0000010;56;6;30D
TKT-0000010;57;8;6C
TKT-0000010;58;0;29B
TKT-0000010;59;1;36C
TKT-0000010;60;14;5A
TKT-0000010;61;4;15A
TKT-0000010;62;3;2C
TKT-0000010;63;11;12C
TKT-0000010;64;9;32D
TKT-0000010;65;10;38D
TKT-0000010;66;1;29A
TKT-0000010;67;1;32D
TKT-0000010;68;7;24B
TKT-0000010;69;0;19D
TKT-0000010;70;6;34D
TKT-0000010;71;10;17D
TKT-0000010;72;5;8A
TKT-0000010;73;6;13D
TKT-0000010;74;12;6A
TKT-0000010;75;10;24D
TKT-0000010;76;13;5C
TKT-0000010;77;2;26A
TKT-0000010;78;2;23D
TKT-0000010;79;13;12C
TKT-0000010;80;4;20C
TKT-0000010;81;13;38B
TKT-0000010;82;11;32B
TKT-0000010;83;4;38B
TKT-0000010;84;12;15B
TKT-0000010;85;9;35C
TKT-0000010;86;11;7C
TKT-0000010;87;11;31D
TKT-0000010;88;4;6A
TKT-0000010;89;9;18B
TKT-0000010;90;11;31D
TKT-0000010;91;14;14B
TKT-0000010;92;9;6D
TKT-0000010;93;8;14B
TKT-0000010;94;7;37B
TKT-0000010;95;12;8A
TKT-0000010;96;10;12A
TKT-0000010;97;9;37B
TKT-0000010;98;14;14B
TKT-0000010;99;0;39D
TKT-0000011;1;0;38A
TKT-0000011;2;2;34D
TKT-0000011;3;9;28C
TKT-0000011;4;11;27D
TKT-0000011;5;4;6B
TKT-0000011;6;12;15C
TKT-0000011;7;6;5A
TKT-0000011;8;13;35B
TKT-0000011;9;13;35D
TKT-0000011;10;4;8D
TKT-0000011;11;0;5A
TKT-0000011;12;2;24B
TKT-0000011;13;10;11D
TKT-0000011;14;1;26C
TKT-0000011;15;12;28D
TKT-0000011;16;2;12D
TKT-0000011;17;8;36B
TKT-0000011;18;1;1A
TKT-0000011;19;8;39D
TKT-0000011;20;12;19D
TKT-0000011;21;9;33A
TKT-0000011;22;11;3D
TKT-0000011;23;12;15C
TKT-0000011;24;1;33C
TKT-0000011;25;0;2A
TKT-0000011;26;11;20C
TKT-0000011;27;5;40D
TKT-0000011;28;2;14D
TKT-0000011;29;0;20A
TKT-0000011;30;7;13B
TKT-0000011;31;12;17C
TKT-0000011;32;11;6A
TKT-0000011;33;11;32B
TKT-0000011;34;6;25B
TKT-0000011;35;13;3A
TKT-0000011;36;14;4D
TKT-0000011;37;10;12B
TKT-0000011;38;10;11A
TKT-0000011;39;9;26D
TKT-0000011;40;10;29D
TKT-0000011;41;10;18A
TKT-0000011;42;10;25D
TKT-0000011;43;13;31B
TKT-0000011;44;3;29D
TKT-0000011;45;4;21B
TKT-0000011;46;7;25A
TKT-0000011;47;7;31B
TKT-0000011;48;3;37C
TKT-0000011;49;12;22A
TKT-0000011;50;0;37A
TKT-0000011;51;14;7C
TKT-0000011;52;8;31A
TKT-0000011;53;9;37D
TKT-0000011;54;5;6D
TKT-0000011;55;5;8C
TKT-0000011;56;6;30C
TKT-0000011;57;0;24B
TKT-0000011;58;9;4C
TKT-0000011;59;3;39D
TKT-0000011;60;12;26B
TKT-0000011;61;12;15A
TKT-0000011;62;13;40A
TKT-0000011;63;9;9B
TKT-0000011;64;8;39A
TKT-0000011;65;0;27B
TKT-0000011;66;14;36B
TKT-0000011;67;11;14A
TKT-0000011;68;7;17B
TKT-0000011;69;3;35B
TKT-0000011;70;9;9D
TKT-0000011;71;0;6C
TKT-0000011;72;10;9A
TKT-0000011;73;2;30D
TKT-0000011;74;3;32A
TKT-0000011;75;6;28B
TKT-0000011;76;13;30A
TKT-0000011;77;11;23B
TKT-0000011;78;11;21C
TKT-0000011;79;8;37C
TKT-0000011;80;12;14D
TKT-0000011;81;1;1C
TKT-0000011;82;7;35D
TKT-0000011;83;14;38B
TKT-0000011;84;11;32C
TKT-0000011;85;12;40A
TKT-0000011;86;8;15C
TKT-0000011;87;8;5A
TKT-0000011;88;2;40A
TKT-0000011;89;9;37C
TKT-0000011;90;0;36C
TKT-0000011;91;9;38A
TKT-0000011;92;14;29D
TKT-0000011;93;14;5C
TKT-0000011;94;5;36D
TKT-0000011;95;7;22D
TKT-0000011;96;6;13A
TKT-0000011;97;9;21D
TKT-0000011;98;8;7B
TKT-0000011;99;0;15C
TKT-0000012;1;12;20C
TKT-0000012;2;4;33A
TKT-0000012;3;13;10C
TKT-0000012;4;5;24C
TKT-0000012;5;10;29B
TKT-0000012;6;1;32C
TKT-0000012;7;12;7B
TKT-0000012;8;13;1A
TKT-0000012;9;6;10B
TKT-0000012;10;7;13C
TKT-0000012;11;7;2A
TKT-0000012;12;5;29D
TKT-0000012;13;9;2A
TKT-0000012;14;6;37B
TKT-0000012;15;8;10A
TKT-0000012;16;5;13C
TKT-0000012;17;13;22D
TKT-0000012;18;1;39D
TKT-0000012;19;9;29C
TKT-0000012;20;13;37A
TKT-0000012;21;1;17C
TKT-0000012;22;12;11A
TKT-0000012;23;9;32D
TKT-0000012;24;14;10A
TKT-0000012;25;1;34B
TKT-0000012;26;12;4D
TKT-0000012;27;9;25A
TKT-0000012;28;14;38B
TKT-0000012;29;13;26D
TKT-0000012;30;0;9B
TKT-0000012;31;10;37B
TKT-0000012;32;1;35B
TKT-0000012;33;6;11D
TKT-0000012;34;7;7A
TKT-0000012;35;5;26D
TKT-0000012;36;11;10D
TKT-0000012;37;8;13B
TKT-0000012;38;8;34A
TKT-0000012;39;6;24C
TKT-0000012;40;14;34C
TKT-0000012;41;4;2C
TKT-0000012;42;14;3C
TKT-0000012;43;8;19A
TKT-0000012;44;5;31B
TKT-0000012;45;0;11A
TKT-0000012;46;3;34B
TKT-0000012;47;3;31A
TKT-0000012;48;5;6A
TKT-0000012;49;13;34C
TKT-0000012;50;9;4A
TKT-0000012;51;5;7D
TKT-0000012;52;14;25B
TKT-0000012;53;12;12D
TKT-0000012;54;14;35D
TKT-0000012;55;10;23A
TKT-0000012;56;8;17C
TKT-0000012;57;1;25C
TKT-0000012;58;12;10B
TKT-0000012;59;1;16A
TKT-0000012;60;10;29B
TKT-0000012;61;2;27B
TKT-0000012;62;6;40C
TKT-0000012;63;13;31D
TKT-0000012;64;7;9D
TKT-0000012;65;6;38B
TKT-0000012;66;11;9B
TKT-0000012;67;13;3A
TKT-0000012;68;12;15D
TKT-0000012;69;4;18B
TKT-0000012;70;7;11A
TKT-0000012;71;1;35C
TKT-0000012;72;6;16D
TKT-0000012;73;2;39C
TKT-0000012;74;1;29C
TKT-0000012;75;6;40C
TKT-0000012;76;11;24A
TKT-0000012;77;2;26C
TKT-0000012;78;8;13B
TKT-0000012;79;7;25C
TKT-0000012;80;10;38A
TKT-0000012;81;8;13C
TKT-0000012;82;5;10A
TKT-0000012;83;8;4C
TKT-0000012;84;14;28D
TKT-0000012;85;7;9B
TKT-0000012;86;2;17C
TKT-0000012;87;13;28C
TKT-0000012;88;11;24C
TKT-0000012;89;7;29D
TKT-0000012;90;0;20B
TKT-0000012;91;4;1B
TKT-0000012;92;12;33A
TKT-0000012;93;11;29A
TKT-0000012;94;1;23C
TKT-0000012;95;6;4A
TKT-0000012;96;4;30B
TKT-0000012;97;10;36C
TKT-0000012;98;13;35B
TKT-0000012;99;9;2A
TKT-0000013;1;0;34A
TKT-0000013;2;11;12B
TKT-0000013;3;2;22D
TKT-0000013;4;1;10A
TKT-0000013;5;3;25A
TKT-0000013;6;2;38D
TKT-0000013;7;14;8B
TKT-0000013;8;5;11A
TKT-0000013;9;12;1D
TKT-0000013;10;8;4C
TKT-0000013;11;6;31D
TKT-0000013;12;8;2D
TKT-0000013;13;5;8D
TKT-0000013;14;12;36C
TKT-0000013;15;11;25A
TKT-0000013;16;8;4D
TKT-0000013;17;10;3B
TKT-0000013;18;0;4D
TKT-0000013;19;9;2D
TKT-0000013;20;1;3C
TKT-0000013;21;0;1B
TKT-0000013;22;11;2D
TKT-0000013;23;14;4D
TKT-0000013;24;11;11B
TKT-0000013;25;3;32A
TKT-0000013;26;2;27D
TKT-0000013;27;2;34D
TKT-0000013;28;1;3B
TKT-0000013;29;14;20C
TKT-0000013;30;5;18A
TKT-0000013;31;12;12A
TKT-0000013;32;8;14C
TKT-0000013;33;9;2A
TKT-0000013;34;11;6B
TKT-0000013;35;11;34C
TKT-0000013;36;6;21D
TKT-0000013;37;12;20D
TKT-0000013;38;2;36C
TKT-0000013;39;7;38D
TKT-0000013;40;12;26D
TKT-0000013;41;1;33A
TKT-0000013;42;12;29A
TKT-0000013;43;5;36A
TKT-0000013;44;11;6C
TKT-0000013;45;7;29D
TKT-0000013;46;4;31A
TKT-0000013;47;11;15A
TKT-0000013;48;7;33C
TKT-0000013;49;3;28B
TKT-0000013;50;14;23B
TKT-0000013;51;9;15C
TKT-0000013;52;4;34A
TKT-0000013;53;10;35B
TKT-0000013;54;3;28A
TKT-0000013;55;8;2B
TKT-0000013;56;5;5D
TKT-0000013;57;6;21A
TKT-0000013;58;13;15A
TKT-0000013;59;1;31B
TKT-0000013;60;14;17B
TKT-0000013;61;8;40A
TKT-0000013;62;7;1D
TKT-0000013;63;11;8B
TKT-0000013;64;14;13B
TKT-0000013;65;11;13D
TKT-0000013;66;6;12C
TKT-0000013;67;13;28C
TKT-0000013;68;5;10C
TKT-0000013;69;7;10C
TKT-0000013;70;3;34A
TKT-0000013;71;11;30C
TKT-0000013;72;11;3D
TKT-0000013;73;5;26B
TKT-0000013;74;5;1B
TKT-0000013;75;8;3A
TKT-0000013;76;3;12B
TKT-0000013;77;14;31A
TKT-0000013;78;9;11C
TKT-0000013;79;2;14D
TKT-0000013;80;10;31B
TKT-0000013;81;11;7D
TKT-0000013;82;2;9A
TKT-0000013;83;7;24C
TKT-0000013;84;6;19C
TKT-0000013;85;10;15A
TKT-0000013;86;5;37C
TKT-0000013;87;14;11C
TKT-0000013;88;9;22A
TKT-0000013;89;7;24B
TKT-0000013;90;4;35D
TKT-0000013;91;8;40A
TKT-0000013;92;6;28C
TKT-0000013;93;3;37C
TKT-0000013;94;8;31C
TKT-0000013;95;13;5D
TKT-0000013;96;7;7A
TKT-0000013;97;1;26C
TKT-0000013;98;10;16A
TKT-0000013;99;2;28B
TKT-0000014;1;1;14B
TKT-0000014;2;13;18A
TKT-0000014;3;10;35D
TKT-0000014;4;12;17C
TKT-0000014;5;14;20A
TKT-0000014;6;14;25D
TKT-0000014;7;0;24D
TKT-0000014;8;9;11C
TKT-0000014;9;12;14A
TKT-0000014;10;13;21C
TKT-0000014;11;12;35D
TKT-0000014;12;12;3A
TKT-0000014;13;9;30B
TKT-0000014;14;8;29A
TKT-0000014;15;9;40B
TKT-0000014;16;4;31C
TKT-0000014;17;1;40A
TKT-0000014;18;11;15D
TKT-0000014;19;10;14A
TKT-0000014;20;12;13D
TKT-0000014;21;4;27A
TKT-0000014;22;2;33B
TKT-0000014;23;1;36A
TKT-0000014;24;7;11C
TKT-0000014;25;9;9D
TKT-0000014;26;10;20A
TKT-0000014;27;3;4B
TKT-0000014;28;9;40A
TKT-0000014;29;0;33B
TKT-0000014;30;3;33A
TKT-0000014;31;7;21D
TKT-0000014;32;11;38B
TKT-0000014;33;2;24B
TKT-0000014;34;8;36A
TKT-0000014;35;1;37C
TKT-0000014;36;1;37D
TKT-0000014;37;1;22C
TKT-0000014;38;14;28C
TKT-0000014;39;9;11C
TKT-0000014;40;14;1B
TKT-0000014;41;12;36D
TKT-0000014;42;11;22A
TKT-0000014;43;7;3B
TKT-0000014;44;9;28C
TKT-0000014;45;11;19C
TKT-0000014;46;9;34A
TKT-0000014;47;5;4D
TKT-0000014;48;14;27B
TKT-0000014;49;11;14B
TKT-0000014;50;12;35C
TKT-0000014;51;0;12C
TKT-0000014;52;3;10B
TKT-0000014;53;9;8C
TKT-0000014;54;3;4C
TKT-0000014;55;5;10C
TKT-0000014;56;4;29B
TKT-0000014;57;7;6C
TKT-0000014;58;12;7A
TKT-0000014;59;11;37B
TKT-0000014;60;6;11C
TKT-0000014;61;9;13C
TKT-0000014;62;5;36D
TKT-0000014;63;3;27B
TKT-0000014;64;6;7A
TKT-0000014;65;4;5D
TKT-0000014;66;1;27D
TKT-0000014;67;1;17D
TKT-0000014;68;4;37D
TKT-0000014;69;14;27B
TKT-0000014;70;3;32D
TKT-0000014;71;13;28C
TKT-0000014;72;11;38B
TKT-0000014;73;3;32B
TKT-0000014;74;14;35B
TKT-0000014;75;3;20B
TKT-0000014;76;8;5C
TKT-0000014;77;6;15B
TKT-0000014;78;10;38D
TKT-0000014;79;9;3D
TKT-0000014;80;9;34D
TKT-0000014;81;8;8B
TKT-0000014;82;10;15A
TKT-0000014;83;1;23A
TKT-0000014;84;4;8A
TKT-0000014;85;0;39C
TKT-0000014;86;10;9A
TKT-0000014;87;1;3A
TKT-0000014;88;6;4A
TKT-0000014;89;13;1A
TKT-0000014;90;0;39A
TKT-0000014;91;0;12A
TKT-0000014;92;1;27A
TKT-0000014;93;10;26A
TKT-0000014;94;4;3A
TKT-0000014;95;2;31B
TKT-0000014;96;4;6A
TKT-0000014;97;6;33B
TKT-0000014;98;7;2C
TKT-0000014;99;1;19C
TKT-0000015;1;14;37B
TKT-0000015;2;10;22A
TKT-0000015;3;12;39B
TKT-0000015;4;8;15D
TKT-0000015;5;11;33D
TKT-0000015;6;9;8A
TKT-0000015;7;8;6A
TKT-0000015;8;6;17C
TKT-0000015;9;0;12D
TKT-0000015;10;12;11C
TKT-0000015;11;8;5D
TKT-0000015;12;8;31B
TKT-0000015;13;9;16A
TKT-0000015;14;6;31C
TKT-0000015;15;8;31A
TKT-0000015;16;1;16A
TKT-0000015;17;9;34D
TKT-0000015;18;8;20D
TKT-0000015;19;10;25D
TKT-0000015;20;3;26D
TKT-0000015;21;13;7B
TKT-0000015;22;0;16D
TKT-0000015;23;3;12D
TKT-0000015;24;2;9B
TKT-0000015;25;8;31A
TKT-0000015;26;14;2B
TKT-0000015;27;6;14D
TKT-0000015;28;10;19B
TKT-0000015;29;14;7A
TKT-0000015;30;11;6A
TKT-0000015;31;3;4A
TKT-0000015;32;7;39B
TKT-0000015;33;14;37D
TKT-0000015;34;14;40B
TKT-0000015;35;0;35A
TKT-0000015;36;1;31B
TKT-0000015;37;14;29C
TKT-0000015;38;1;30C
TKT-0000015;39;3;38B
TKT-0000015;40;6;19C
TKT-0000015;41;4;33B
TKT-0000015;42;8;31A
TKT-0000015;43;10;37B
TKT-0000015;44;10;28B
TKT-0000015;45;11;37A
TKT-0000015;46;8;12C
TKT-0000015;47;7;19B
TKT-0000015;48;13;8A
TKT-0000015;49;1;30A
TKT-0000015;50;4;1A
TKT-0000015;51;4;12D
TKT-0000015;52;6;21B
TKT-0000015;53;12;4A
TKT-0000015;54;9;3B
TKT-0000015;55;3;33A
TKT-0000015;56;12;23D
TKT-0000015;57;2;27C
TKT-0000015;58;4;14D
TKT-0000015;59;4;34D
TKT-0000015;60;13;11C
TKT-0000015;61;9;27D
TKT-0000015;62;13;25B
TKT-0000015;63;7;23A
TKT-0000015;64;3;17B
TKT-0000015;65;4;30C
TKT-0000015;66;12;37D
TKT-0000015;67;1;39D
TKT-0000015;68;10;7C
TKT-0000015;69;0;21C
TKT-0000015;70;0;13D
TKT-0000015;71;3;7B
TKT-0000015;72;0;22B
TKT-0000015;73;12;36B
TKT-0000015;74;10;29C
TKT-0000015;75;11;19B
TKT-0000015;76;0;33A
TKT-0000015;77;14;19A
TKT-0000015;78;1;13A
TKT-0000015;79;5;37D
TKT-0000015;80;8;20B
TKT-0000015;81;14;30A
TKT-0000015;82;0;29D
TKT-0000015;83;2;10B
TKT-0000015;84;6;39C
TKT-0000015;85;1;26C
TKT-0000015;86;1;27D
TKT-0000015;87;6;9B
TKT-0000015;88;1;6C
TKT-0000015;89;14;27B
TKT-0000015;90;10;37D
TKT-0000015;91;2;40D
TKT-0000015;92;5;4C
TKT-0000015;93;9;23C
TKT-0000015;94;4;13A
TKT-0000015;95;14;30A
TKT-0000015;96;2;39C
TKT-0000015;97;4;39D
TKT-0000015;98;4;14A
TKT-0000015;99;1;23D
TKT-0000016;1;9;16C
TKT-0000016;2;10;37C
TKT-0000016;3;0;14D
TKT-0000016;4;1;20C
TKT-0000016;5;5;29D
TKT-0000016;6;9;9D
TKT-0000016;7;11;38D
TKT-0000016;8;12;20C
TKT-0000016;9;11;25A
TKT-0000016;10;1;20C
TKT-0000016;11;7;32A
TKT-0000016;12;10;40B
TKT-0000016;13;3;16A
TKT-0000016;14;11;36A
TKT-0000016;15;12;36D
TKT-0000016;16;7;5A
TKT-0000016;17;12;20A
TKT-0000016;18;14;26B
TKT-0000016;19;6;16C
TKT-0000016;20;9;19D
TKT-0000016;21;6;40C
TKT-0000016;22;2;34B
TKT-0000016;23;9;31A
TKT-0000016;24;5;22D
TKT-0000016;25;11;36A
TKT-0000016;26;6;37B
TKT-0000016;27;4;7C
TKT-0000016;28;11;18A
TKT-0000016;29;0;17C
TKT-0000016;30;1;21A
TKT-0000016;31;2;24B
TKT-0000016;32;4;14C
TKT-0000016;33;11;28C
TKT-0000016;34;8;27D
TKT-0000016;35;3;15D
TKT-0000016;36;1;16B
TKT-0000016;37;6;37C
TKT-0000016;38;2;2C
TKT-0000016;39;13;17B
TKT-0000016;40;9;15A
TKT-0000016;41;5;18B
TKT-0000016;42;10;29A
TKT-0000016;43;0;23B
TKT-0000016;44;14;29D
TKT-0000016;45;13;17D
TKT-0000016;46;9;25B
TKT-0000016;47;8;13D
TKT-0000016;48;2;9A
TKT-0000016;49;5;20A
TKT-0000016;50;0;9A
TKT-0000016;51;2;18A
TKT-0000016;52;2;35D
TKT-0000016;53;0;16C
TKT-0000016;54;8;19C
TKT-0000016;55;6;33B
TKT-0000016;56;2;33A
TKT-0000016;57;3;15A
TKT-0000016;58;11;16A
TKT-0000016;59;12;9A
TKT-0000016;60;11;23B
TKT-0000016;61;5;6B
TKT-0000016;62;11;32B
TKT-0000016;63;14;30A
TKT-0000016;64;2;34B
TKT-0000016;65;9;27A
TKT-0000016;66;2;35B
TKT-0000016;67;1;24B
TKT-0000016;68;6;20D
TKT-0000016;69;7;37B
TKT-0000016;70;6;33A
TKT-0000016;71;0;25D
TKT-0000016;72;5;37C
TKT-0000016;73;8;37A
TKT-0000016;74;0;23B
TKT-0000016;75;12;14B
TKT-0000016;76;8;2D
TKT-0000016;77;0;28B
TKT-0000016;78;10;25C
TKT-0000016;79;1;23D
TKT-0000016;80;5;23A
TKT-0000016;81;5;16D
TKT-0000016;82;8;6C
TKT-0000016;83;0;21D
TKT-0000016;84;6;32A
TKT-0000016;85;11;40B
TKT-0000016;86;5;34D
TKT-0000016;87;8;40D
TKT-0000016;88;8;14D
TKT-0000016;89;12;20D
TKT-0000016;90;11;31A
TKT-0000016;91;14;2D
TKT-0000016;92;13;30B
TKT-0000016;93;5;21D
TKT-0000016;94;2;26A
TKT-0000016;95;0;1D
TKT-0000016;96;0;25D
TKT-0000016;97;5;2C
TKT-0000016;98;11;20B
TKT-0000016;99;10;31D
TKT-0000017;1;9;31B
TKT-0000017;2;4;21D
TKT-0000017;3;6;34C
TKT-0000017;4;11;20D
TKT-0000017;5;13;15A
TKT-0000017;6;13;27B
TKT-0000017;7;3;10B
TKT-0000017;8;2;11D
TKT-0000017;9;0;11B
TKT-0000017;10;13;6A
TKT-0000017;11;10;15A
TKT-0000017;12;5;28C
TKT-0000017;13;10;26C
TKT-0000017;14;13;15A
TKT-0000017;15;13;37D
TKT-0000017;16;5;13D
TKT-0000017;17;5;14D
TKT-0000017;18;6;33D
TKT-0000017;19;2;36B
TKT-0000017;20;1;24C
TKT-0000017;21;7;38D
TKT-0000017;22;2;1C
TKT-0000017;23;13;1C
TKT-0000017;24;0;14D
TKT-0000017;25;11;15B
TKT-0000017;26;7;2C
TKT-0000017;27;2;14B
TKT-0000017;28;4;31B
TKT-0000017;29;14;35D
TKT-0000017;30;4;12A
TKT-0000017;31;2;11B
TKT-0000017;32;10;22A
TKT-0000017;33;9;19A
TKT-0000017;34;14;36B
TKT-0000017;35;12;38B
TKT-0000017;36;8;1C
TKT-0000017;37;6;32B
TKT-0000017;38;4;11D
TKT-0000017;39;3;38C
TKT-0000017;40;13;14A
TKT-0000017;41;13;28C
TKT-0000017;42;9;21D
TKT-0000017;43;12;34B
TKT-0000017;44;13;3D
TKT-0000017;45;12;10B
TKT-0000017;46;14;13D
TKT-0000017;47;12;3B
TKT-0000017;48;3;22C
TKT-0000017;49;1;11A
TKT-0000017;50;5;18B
TKT-0000017;51;13;38A
TKT-0000017;52;9;16B
TKT-0000017;53;13;4C
TKT-0000017;54;13;35C
TKT-0000017;55;11;7A
TKT-0000017;56;0;20B
TKT-0000017;57;5;8C
TKT-0000017;58;2;2B
TKT-0000017;59;11;26D
TKT-0000017;60;2;18B
TKT-0000017;61;1;35A
TKT-0000017;62;7;23D
TKT-0000017;63;12;37B
TKT-0000017;64;8;24D
TKT-0000017;65;13;3B
TKT-0000017;66;6;3A
TKT-0000017;67;9;10A
TKT-0000017;68;1;27B
TKT-0000017;69;14;6D
TKT-0000017;70;6;21C
TKT-0000017;71;13;33A
TKT-0000017;72;9;20D
TKT-0000017;73;5;11A
TKT-0000017;74;9;4B
TKT-0000017;75;3;3A
TKT-0000017;76;7;18D
TKT-0000017;77;5;22D
TKT-0000017;78;3;12B
TKT-0000017;79;8;25D
TKT-0000017;80;10;9A
TKT-0000017;81;7;30A
TKT-0000017;82;6;21C
TKT-0000017;83;3;1D
TKT-0000017;84;13;19B
TKT-0000017;85;4;1C
TKT-0000017;86;2;13D
TKT-0000017;87;9;32D
TKT-0000017;88;13;37B
TKT-0000017;89;5;37C
TKT-0000017;90;12;27C
TKT-0000017;91;3;33C
TKT-0000017;92;7;17B
TKT-0000017;93;5;6C
TKT-0000017;94;0;5A
TKT-0000017;95;12;2C
TKT-0000017;96;11;37B
TKT-0000017;97;12;1C
TKT-0000017;98;13;12A
TKT-0000017;99;9;15A
TKT-0000018;1;5;7D
TKT-0000018;2;1;32C
TKT-0000018;3;4;26B
TKT-0000018;4;0;13C
TKT-0000018;5;10;9A
TKT-0000018;6;9;16B
TKT-0000018;7;4;34D
TKT-0000018;8;5;14B
TKT-0000018;9;3;2B
TKT-0000018;10;2;32C
TKT-0000018;11;4;9D
TKT-0000018;12;14;26C
TKT-0000018;13;1;30D
TKT-0000018;14;12;19A
TKT-0000018;15;0;30B
TKT-0000018;16;5;8C
TKT-0000018;17;13;27B
TKT-0000018;18;10;4B
TKT-0000018;19;14;37A
TKT-0000018;20;13;25D
TKT-0000018;21;10;7B
TKT-0000018;22;7;37B
TKT-0000018;23;6;27D
TKT-0000018;24;11;36C
TKT-0000018;25;9;33A
TKT-0000018;26;14;19B
TKT-0000018;27;4;11B
TKT-0000018;28;9;30C
TKT-0000018;29;14;12B
TKT-0000018;30;4;29B
TKT-0000018;31;4;36C
TKT-0000018;32;5;2A
TKT-0000018;33;2;3A
TKT-0000018;34;8;35D
TKT-0000018;35;7;27C
TKT-0000018;36;4;24A
TKT-0000018;37;14;8D
TKT-0000018;38;7;37D
TKT-0000018;39;7;34C
TKT-0000018;40;8;12D
TKT-0000018;41;14;24B
TKT-0000018;42;8;13D
TKT-0000018;43;14;39B
TKT-0000018;44;4;17B
TKT-0000018;45;6;17B
TKT-0000018;46;8;28A
TKT-0000018;47;12;11A
TKT-0000018;48;5;23A
TKT-0000018;49;1;26C
TKT-0000018;50;10;34A
TKT-0000018;51;9;31C
TKT-0000018;52;11;8A
TKT-0000018;53;1;32A
TKT-0000018;54;10;9C
TKT-0000018;55;11;34C
TKT-0000018;56;10;38A
TKT-0000018;57;0;26A
TKT-0000018;58;13;25B
TKT-0000018;59;4;18B
TKT-0000018;60;4;23D
TKT-0000018;61;10;13A
TKT-0000018;62;14;25B
TKT-0000018;63;12;11A
TKT-0000018;64;14;22D
TKT-0000018;65;10;11C
TKT-0000018;66;7;13D
TKT-0000018;67;10;13D
TKT-0000018;68;6;33B
TKT-0000018;69;5;40B
TKT-0000018;70;12;22B
TKT-0000018;71;4;40C
TKT-0000018;72;7;32B
TKT-0000018;73;4;22C
TKT-0000018;74;10;32C
TKT-0000018;75;11;30D
TKT-0000018;76;6;27D
TKT-0000018;77;11;16C
TKT-0000018;78;3;33B
TKT-0000018;79;2;8B
TKT-0000018;80;11;24B
TKT-0000018;81;9;22D
TKT-0000018;82;2;27D
TKT-0000018;83;5;19D
TKT-0000018;84;2;36D
TKT-0000018;85;14;34D
TKT-0000018;86;13;4D
TKT-0000018;87;10;16B
TKT-0000018;88;4;31D
TKT-0000018;89;6;20A
TKT-0000018;90;0;31A
TKT-0000018;91;1;8A
TKT-0000018;92;3;22A
TKT-0000018;93;2;33B
TKT-0000018;94;12;21C
TKT-0000018;95;7;11C
TKT-0000018;96;8;4A
TKT-0000018;97;2;25B
TKT-0000018;98;3;28A
TKT-0000018;99;2;3C
TKT-0000019;1;8;8B
TKT-0000019;2;1;25A
TKT-0000019;3;13;19C
TKT-0000019;4;2;5B
TKT-0000019;5;3;30C
TKT-0000019;6;9;9C
TKT-0000019;7;3;28B
TKT-0000019;8;1;2B
TKT-0000019;9;1;29D
TKT-0000019;10;0;22D
TKT-0000019;11;0;36D
TKT-0000019;12;11;15C
TKT-0000019;13;6;17D
TKT-0000019;14;11;31D
TKT-0000019;15;6;14C
TKT-0000019;16;7;30D
TKT-0000019;17;12;11C
TKT-0000019;18;2;32A
TKT-0000019;19;0;4B
TKT-0000019;20;6;15B
TKT-0000019;21;7;7D
TKT-0000019;22;12;5D
TKT-0000019;23;12;25C
TKT-0000019;24;2;9D
TKT-0000019;25;3;28A
TKT-0000019;26;3;10C
TKT-0000019;27;9;14B
TKT-0000019;28;8;22A
TKT-0000019;29;10;27A
TKT-0000019;30;12;31A
TKT-0000019;31;11;31C
TKT-0000019;32;8;16B
TKT-0000019;33;12;21C
TKT-0000019;34;2;17B
TKT-0000019;35;9;3C
TKT-0000019;36;14;32D
TKT-0000019;37;9;30D
TKT-0000019;38;10;29A
TKT-0000019;39;14;1C
TKT-0000019;40;11;26C
TKT-0000019;41;13;32A
TKT-0000019;42;6;12B
TKT-0000019;43;2;34D
TKT-0000019;44;7;6B
TKT-0000019;45;7;9C
TKT-0000019;46;5;34C
TKT-0000019;47;9;9D
TKT-0000019;48;14;6A
TKT-0000019;49;2;10D
TKT-0000019;50;7;11B
TKT-0000019;51;14;5B
TKT-0000019;52;3;22C
TKT-0000019;53;14;21A
TKT-0000019;54;10;13D
TKT-0000019;55;12;3C
TKT-0000019;56;14;14D
TKT-0000019;57;14;5D
TKT-0000019;58;9;20A
TKT-0000019;59;3;38B
TKT-0000019;60;4;9D
TKT-0000019;61;12;7C
TKT-0000019;62;13;34A
TKT-0000019;63;7;17C
TKT-0000019;64;4;30C
TKT-0000019;65;12;5D
TKT-0000019;66;3;32B
TKT-0000019;67;1;14D
TKT-0000019;68;0;38B
TKT-0000019;69;10;38C
TKT-0000019;70;9;5A
TKT-0000019;71;14;4B
TKT-0000019;72;13;27B
TKT-0000019;73;1;22C
TKT-0000019;74;13;10D
TKT-0000019;75;6;38D
TKT-0000019;76;12;26B
TKT-0000019;77;11;26C
TKT-0000019;78;5;23C
TKT-0000019;79;0;13A
TKT-0000019;80;7;40C
TKT-0000019;81;13;36C
TKT-0000019;82;0;6B
TKT-0000019;83;13;8C
TKT-0000019;84;14;13B
TKT-0000019;85;11;2B
TKT-0000019;86;4;31B
TKT-0000019;87;13;39D
TKT-0000019;88;5;9C
TKT-0000019;89;0;33A
TKT-0000019;90;3;40D
TKT-0000019;91;8;29D
TKT-0000019;92;7;2C
TKT-0000019;93;1;24C
TKT-0000019;94;4;38D
TKT-0000019;95;9;15A
TKT-0000019;96;8;39C
TKT-0000019;97;11;2C
TKT-0000019;98;12;28A
TKT-0000019;99;4;20B
TKT-0000020;1;9;39C
TKT-0000020;2;2;2A
TKT-0000020;3;11;31B
TKT-0000020;4;13;7A
TKT-0000020;5;10;34B
TKT-0000020;6;5;14D
TKT-0000020;7;9;8B
TKT-0000020;8;9;38A
TKT-0000020;9;10;19A
TKT-0000020;10;11;32C
TKT-0000020;11;7;13B
TKT-0000020;12;14;27B
TKT-0000020;13;9;26A
TKT-0000020;14;6;17C
TKT-0000020;15;12;34D
TKT-0000020;16;0;3C
TKT-0000020;17;12;32C
TKT-0000020;18;4;10B
TKT-0000020;19;6;2B
TKT-0000020;20;7;23D
TKT-0000020;21;4;23C
TKT-0000020;22;7;34D
TKT-0000020;23;9;17D
TKT-0000020;24;10;3B
TKT-0000020;25;11;29C
TKT-0000020;26;3;35D
TKT-0000020;27;3;28B
TKT-0000020;28;0;2B
TKT-0000020;29;1;3A
TKT-0000020;30;10;20C
TKT-0000020;31;3;5A
TKT-0000020;32;4;23C
TKT-0000020;33;2;27B
TKT-0000020;34;1;36B
TKT-0000020;35;5;18A
TKT-0000020;36;10;39A
TKT-0000020;37;14;12D
TKT-0000020;38;0;20A
TKT-0000020;39;12;17B
TKT-0000020;40;9;16A
TKT-0000020;41;12;3D
TKT-0000020;42;11;39C
TKT-0000020;43;5;16B
TKT-0000020;44;5;26D
TKT-0000020;45;13;17D
TKT-0000020;46;4;37C
TKT-0000020;47;0;13B
TKT-0000020;48;13;21A
TKT-0000020;49;14;11D
TKT-0000020;50;2;32C
TKT-0000020;51;14;11D
TKT-0000020;52;14;18C
TKT-0000020;53;13;5D
TKT-0000020;54;14;3D
TKT-0000020;55;1;3D
TKT-0000020;56;6;20D
TKT-0000020;57;3;9D
TKT-0000020;58;0;7A
TKT-0000020;59;2;22C
TKT-0000020;60;13;20B
TKT-0000020;61;10;22C
TKT-0000020;62;6;5B
TKT-0000020;63;1;10B
TKT-0000020;64;12;8C
TKT-0000020;65;1;30D
TKT-0000020;66;8;7C
TKT-0000020;67;10;9A
TKT-0000020;68;7;39B
TKT-0000020;69;4;4B
TKT-0000020;70;8;24C
TKT-0000020;71;8;17A
TKT-0000020;72;0;2A
TKT-0000020;73;2;5D
TKT-0000020;74;13;31D
TKT-0000020;75;11;13A
TKT-0000020;76;6;31C
TKT-0000020;77;11;23B
TKT-0000020;78;3;29A
TKT-0000020;79;9;25B
TKT-0000020;80;3;6B
TKT-0000020;81;0;7B
TKT-0000020;82;9;28B
TKT-0000020;83;1;28C
TKT-0000020;84;13;31B
TKT-0000020;85;11;4D
TKT-0000020;86;5;32A
TKT-0000020;87;7;16A
TKT-0000020;88;14;15C
TKT-0000020;89;13;13D
TKT-0000020;90;14;13A
TKT-0000020;91;11;10A
TKT-0000020;92;1;25B
TKT-0000020;93;13;2B
TKT-0000020;94;0;16B
TKT-0000020;95;0;33B
TKT-0000020;96;10;13D
TKT-0000020;97;9;32D
TKT-0000020;98;3;33D
TKT-0000020;99;2;16D
