ticket_no;flight_id;fare_conditions;amount
TKT-0000001;1;78901234.12;23456789.66
TKT-0000001;2;90123456.66;67890123.22
TKT-0000001;3;34567890.34;34567890.99
TKT-0000001;4;78901234.44;34567890.99
TKT-0000001;5;23456789.12;34567890.77
TKT-0000001;6;45678901.56;34567890.99
TKT-0000001;7;78901234.12;78901234.22
TKT-0000001;8;23456789.99;34567890.99
TKT-0000001;9;89012345.55;23456789.66
TKT-0000001;10;67890123.33;89012345.33
TKT-0000001;11;23456789.99;78901234.33
TKT-0000001;12;23456789.12;90123456.44
TKT-0000001;13;56789012.78;56789012.0
TKT-0000001;14;23456789.99;89012345.44
TKT-0000001;15;78901234.44;45678901.99
TKT-0000001;16;23456789.12;56789012.0
TKT-0000001;17;90123456.78;34567890.88
TKT-0000001;18;89012345.67;67890123.11
TKT-0000001;19;89012345.55;45678901.88
TKT-0000001;20;23456789.99;56789012.0
TKT-0000001;21;90123456.78;45678901.88
TKT-0000001;22;90123456.66;67890123.22
TKT-0000001;23;90123456.66;12345678.66
TKT-0000001;24;56789012.22;23456789.66
TKT-0000001;25;23456789.88;12345678.66
TKT-0000001;26;45678901.56;90123456.55
TKT-0000001;27;67890123.33;45678901.88
TKT-0000001;28;67890123.33;45678901.88
TKT-0000001;29;23456789.88;89012345.44
TKT-0000001;30;45678901.56;34567890.99
TKT-0000001;31;89012345.55;78901234.33
TKT-0000001;32;34567890.34;56789012.0
TKT-0000001;33;90123456.78;67890123.11
TKT-0000001;34;67890123.9;34567890.77
TKT-0000001;35;45678901.56;34567890.77
TKT-0000001;36;67890123.9;34567890.77
TKT-0000001;37;67890123.9;23456789.77
TKT-0000001;38;67890123.33;56789012.11
TKT-0000001;39;23456789.99;67890123.22
TKT-0000001;40;67890123.9;12345678.55
TKT-0000001;41;89012345.67;45678901.99
TKT-0000001;42;78901234.44;56789012.11
TKT-0000001;43;12345678.9;34567890.88
TKT-0000001;44;12345678.77;12345678.66
TKT-0000001;45;23456789.88;23456789.66
TKT-0000001;46;23456789.99;89012345.33
TKT-0000001;47;23456789.12;45678901.88
TKT-0000001;48;12345678.77;23456789.66
TKT-0000001;49;45678901.56;56789012.0
TKT-0000001;50;67890123.9;34567890.88
TKT-0000001;51;56789012.22;90123456.44
TKT-0000001;52;34567890.34;90123456.55
TKT-0000001;53;23456789.99;23456789.66
TKT-0000001;54;78901234.12;67890123.22
TKT-0000001;55;78901234.12;34567890.99
TKT-0000001;56;23456789.88;12345678.55
TKT-0000001;57;89012345.55;34567890.88
TKT-0000001;58;45678901.11;34567890.77
TKT-0000001;59;89012345.67;78901234.33
TKT-0000001;60;12345678.0;78901234.33
TKT-0000001;61;45678901.56;90123456.44
TKT-0000001;62;67890123.33;23456789.66
TKT-0000001;63;45678901.56;34567890.77
TKT-0000001;64;12345678.9;89012345.33
TKT-0000001;65;67890123.33;56789012.11
TKT-0000001;66;12345678.0;67890123.11
TKT-0000001;67;34567890.34;67890123.11
TKT-0000001;68;45678901.56;23456789.77
TKT-0000001;69;34567890.1;12345678.55
TKT-0000001;70;89012345.55;12345678.66
TKT-0000001;71;67890123.33;90123456.44
TKT-0000001;72;67890123.9;34567890.99
TKT-0000001;73;67890123.33;78901234.33
TKT-0000001;74;23456789.88;34567890.99
TKT-0000001;75;45678901.56;45678901.88
TKT-0000001;76;34567890.1;89012345.44
TKT-0000001;77;89012345.67;56789012.0
TKT-0000001;78;12345678.77;23456789.77
TKT-0000001;79;45678901.56;23456789.77
TKT-0000001;80;89012345.55;56789012.11
TKT-0000001;81;67890123.33;12345678.55
TKT-0000001;82;89012345.67;90123456.55
TKT-0000001;83;78901234.44;56789012.0
TKT-0000001;84;34567890.34;67890123.11
TKT-0000001;85;78901234.44;90123456.44
TKT-0000001;86;90123456.78;45678901.0
TKT-0000001;87;12345678.9;34567890.99
TKT-0000001;88;34567890.1;45678901.88
TKT-0000001;89;12345678.0;89012345.33
TKT-0000001;90;90123456.66;56789012.0
TKT-0000001;91;56789012.22;67890123.22
TKT-0000001;92;89012345.67;12345678.55
TKT-0000001;93;23456789.99;56789012.0
TKT-0000001;94;56789012.22;45678901.0
TKT-0000001;95;67890123.33;45678901.99
TKT-0000001;96;23456789.88;23456789.77
TKT-0000001;97;78901234.12;67890123.11
TKT-0000001;98;67890123.33;89012345.44
TKT-0000001;99;45678901.11;45678901.88
TKT-0000002;1;23456789.12;56789012.11
TKT-0000002;2;34567890.34;12345678.66
TKT-0000002;3;23456789.88;45678901.0
TKT-0000002;4;12345678.0;34567890.99
TKT-0000002;5;90123456.78;78901234.22
TKT-0000002;6;34567890.1;23456789.66
TKT-0000002;7;89012345.67;45678901.0
TKT-0000002;8;67890123.33;67890123.22
TKT-0000002;9;78901234.44;78901234.22
TKT-0000002;10;78901234.44;67890123.22
TKT-0000002;11;45678901.56;78901234.22
TKT-0000002;12;12345678.9;45678901.99
TKT-0000002;13;78901234.44;89012345.33
TKT-0000002;14;23456789.88;67890123.11
TKT-0000002;15;78901234.12;56789012.0
TKT-0000002;16;23456789.99;34567890.88
TKT-0000002;17;78901234.12;78901234.22
TKT-0000002;18;45678901.11;45678901.99
TKT-0000002;19;78901234.12;90123456.55
TKT-0000002;20;34567890.34;89012345.44
TKT-0000002;21;45678901.56;67890123.22
TKT-0000002;22;89012345.55;90123456.44
TKT-0000002;23;78901234.12;34567890.99
TKT-0000002;24;67890123.33;90123456.55
TKT-0000002;25;89012345.67;67890123.11
TKT-0000002;26;90123456.66;89012345.33
TKT-0000002;27;23456789.99;56789012.11
TKT-0000002;28;23456789.99;23456789.77
TKT-0000002;29;78901234.12;56789012.11
TKT-0000002;30;90123456.66;34567890.99
TKT-0000002;31;89012345.55;34567890.77
TKT-0000002;32;45678901.56;67890123.22
TKT-0000002;33;56789012.22;45678901.99
TKT-0000002;34;78901234.12;90123456.55
TKT-0000002;35;78901234.44;67890123.11
TKT-0000002;36;23456789.88;89012345.44
TKT-0000002;37;45678901.56;56789012.11
TKT-0000002;38;23456789.99;67890123.22
TKT-0000002;39;67890123.9;23456789.77
TKT-0000002;40;12345678.77;56789012.0
TKT-0000002;41;67890123.33;12345678.55
TKT-0000002;42;23456789.12;90123456.44
TKT-0000002;43;56789012.78;45678901.99
TKT-0000002;44;12345678.9;78901234.33
TKT-0000002;45;89012345.67;12345678.66
TKT-0000002;46;90123456.78;45678901.88
TKT-0000002;47;90123456.78;45678901.88
TKT-0000002;48;12345678.9;78901234.22
TKT-0000002;49;56789012.78;12345678.55
TKT-0000002;50;12345678.0;12345678.66
TKT-0000002;51;23456789.99;90123456.44
TKT-0000002;52;89012345.67;12345678.55
TKT-0000002;53;34567890.34;67890123.22
TKT-0000002;54;90123456.78;34567890.99
TKT-0000002;55;45678901.56;12345678.66
TKT-0000002;56;45678901.56;56789012.11
TKT-0000002;57;78901234.44;90123456.44
TKT-0000002;58;23456789.88;89012345.44
TKT-0000002;59;78901234.12;12345678.55
TKT-0000002;60;34567890.34;56789012.0
TKT-0000002;61;89012345.55;12345678.66
TKT-0000002;62;12345678.9;34567890.77
TKT-0000002;63;45678901.56;34567890.77
TKT-0000002;64;45678901.11;12345678.66
TKT-0000002;65;89012345.55;45678901.99
TKT-0000002;66;12345678.9;45678901.88
TKT-0000002;67;23456789.99;34567890.99
TKT-0000002;68;12345678.77;34567890.99
TKT-0000002;69;34567890.34;67890123.22
TKT-0000002;70;56789012.22;34567890.88
TKT-0000002;71;23456789.88;45678901.0
TKT-0000002;72;78901234.12;45678901.88
TKT-0000002;73;89012345.55;45678901.88
TKT-0000002;74;45678901.11;67890123.22
TKT-0000002;75;23456789.88;67890123.11
TKT-0000002;76;89012345.55;34567890.99
TKT-0000002;77;12345678.0;34567890.77
TKT-0000002;78;89012345.55;45678901.0
TKT-0000002;79;90123456.78;78901234.22
TKT-0000002;80;90123456.78;56789012.0
TKT-0000002;81;12345678.77;56789012.11
TKT-0000002;82;12345678.9;45678901.88
TKT-0000002;83;34567890.1;67890123.11
TKT-0000002;84;34567890.1;45678901.88
TKT-0000002;85;34567890.34;78901234.22
TKT-0000002;86;45678901.56;89012345.33
TKT-0000002;87;67890123.9;56789012.11
TKT-0000002;88;34567890.1;89012345.33
TKT-0000002;89;12345678.9;89012345.44
TKT-0000002;90;78901234.44;12345678.55
TKT-0000002;91;23456789.99;45678901.88
TKT-0000002;92;12345678.0;45678901.99
TKT-0000002;93;12345678.0;12345678.55
TKT-0000002;94;56789012.22;12345678.55
TKT-0000002;95;34567890.34;56789012.0
TKT-0000002;96;78901234.12;45678901.99
TKT-0000002;97;56789012.22;78901234.22
TKT-0000002;98;78901234.12;56789012.11
TKT-0000002;99;23456789.12;56789012.11
TKT-0000003;1;78901234.12;34567890.88
TKT-0000003;2;89012345.67;23456789.77
TKT-0000003;3;45678901.11;45678901.0
TKT-0000003;4;12345678.77;12345678.55
TKT-0000003;5;34567890.1;34567890.88
TKT-0000003;6;23456789.88;90123456.44
TKT-0000003;7;23456789.88;12345678.55
TKT-0000003;8;23456789.99;90123456.55
TKT-0000003;9;90123456.78;78901234.33
TKT-0000003;10;23456789.99;78901234.22
TKT-0000003;11;90123456.78;12345678.66
TKT-0000003;12;67890123.9;56789012.0
TKT-0000003;13;90123456.66;34567890.99
TKT-0000003;14;89012345.67;12345678.66
TKT-0000003;15;45678901.11;89012345.44
TKT-0000003;16;12345678.9;45678901.99
TKT-0000003;17;67890123.33;34567890.77
TKT-0000003;18;12345678.77;12345678.66
TKT-0000003;19;34567890.1;67890123.22
TKT-0000003;20;90123456.66;45678901.88
TKT-0000003;21;90123456.66;78901234.22
TKT-0000003;22;12345678.0;34567890.99
TKT-0000003;23;12345678.9;89012345.44
TKT-0000003;24;23456789.88;67890123.22
TKT-0000003;25;12345678.9;56789012.0
TKT-0000003;26;78901234.44;12345678.55
TKT-0000003;27;89012345.67;67890123.22
TKT-0000003;28;23456789.12;34567890.77
TKT-0000003;29;90123456.78;23456789.66
TKT-0000003;30;90123456.78;78901234.22
TKT-0000003;31;23456789.12;89012345.44
TKT-0000003;32;56789012.22;34567890.77
TKT-0000003;33;12345678.9;45678901.88
TKT-0000003;34;78901234.44;34567890.88
TKT-0000003;35;12345678.9;78901234.33
TKT-0000003;36;67890123.33;90123456.55
TKT-0000003;37;90123456.66;12345678.55
TKT-0000003;38;90123456.78;23456789.66
TKT-0000003;39;67890123.9;45678901.0
TKT-0000003;40;67890123.33;67890123.22
TKT-0000003;41;23456789.88;23456789.77
TKT-0000003;42;12345678.0;23456789.77
TKT-0000003;43;34567890.34;12345678.55
TKT-0000003;44;23456789.99;78901234.22
TKT-0000003;45;90123456.78;89012345.44
TKT-0000003;46;45678901.56;56789012.0
TKT-0000003;47;67890123.9;67890123.11
TKT-0000003;48;89012345.67;89012345.44
TKT-0000003;49;78901234.12;89012345.44
TKT-0000003;50;34567890.34;45678901.0
TKT-0000003;51;89012345.55;34567890.88
TKT-0000003;52;12345678.9;23456789.77
TKT-0000003;53;23456789.88;45678901.99
TKT-0000003;54;12345678.77;67890123.22
TKT-0000003;55;78901234.12;89012345.44
TKT-0000003;56;23456789.88;45678901.99
TKT-0000003;57;90123456.66;56789012.0
TKT-0000003;58;23456789.99;67890123.11
TKT-0000003;59;90123456.66;56789012.11
TKT-0000003;60;89012345.55;12345678.66
TKT-0000003;61;12345678.77;12345678.66
TKT-0000003;62;78901234.12;67890123.22
TKT-0000003;63;90123456.66;89012345.44
TKT-0000003;64;89012345.67;56789012.0
TKT-0000003;65;34567890.1;67890123.11
TKT-0000003;66;56789012.22;56789012.0
TKT-0000003;67;67890123.33;45678901.0
TKT-0000003;68;56789012.22;78901234.22
TKT-0000003;69;56789012.22;78901234.22
TKT-0000003;70;56789012.22;45678901.99
TKT-0000003;71;56789012.78;90123456.44
TKT-0000003;72;45678901.11;67890123.22
TKT-0000003;73;78901234.44;67890123.22
TKT-0000003;74;90123456.66;56789012.11
TKT-0000003;75;12345678.0;23456789.77
TKT-0000003;76;67890123.33;23456789.77
TKT-0000003;77;34567890.34;12345678.66
TKT-0000003;78;78901234.44;89012345.33
TKT-0000003;79;89012345.67;67890123.22
TKT-0000003;80;12345678.0;45678901.0
TKT-0000003;81;23456789.12;34567890.77
TKT-0000003;82;45678901.56;34567890.88
TKT-0000003;83;56789012.22;23456789.77
TKT-0000003;84;34567890.1;23456789.66
TKT-0000003;85;34567890.34;78901234.22
TKT-0000003;86;23456789.88;67890123.11
TKT-0000003;87;45678901.11;45678901.0
TKT-0000003;88;23456789.88;56789012.11
TKT-0000003;89;12345678.9;78901234.33
TKT-0000003;90;45678901.56;89012345.44
TKT-0000003;91;45678901.56;45678901.0
TKT-0000003;92;12345678.9;90123456.55
TKT-0000003;93;56789012.22;78901234.22
TKT-0000003;94;56789012.78;67890123.11
TKT-0000003;95;89012345.67;67890123.11
TKT-0000003;96;67890123.33;45678901.88
TKT-0000003;97;89012345.67;67890123.22
TKT-0000003;98;67890123.33;90123456.44
TKT-0000003;99;34567890.1;23456789.66
TKT-0000004;1;67890123.9;34567890.77
TKT-0000004;2;56789012.22;45678901.0
TKT-0000004;3;90123456.78;89012345.44
TKT-0000004;4;12345678.9;89012345.33
TKT-0000004;5;12345678.9;56789012.0
TKT-0000004;6;78901234.44;56789012.11
TKT-0000004;7;12345678.9;89012345.44
TKT-0000004;8;89012345.55;67890123.22
TKT-0000004;9;78901234.12;34567890.88
TKT-0000004;10;23456789.99;56789012.0
TKT-0000004;11;12345678.77;56789012.0
TKT-0000004;12;12345678.9;12345678.66
TKT-0000004;13;34567890.34;34567890.99
TKT-0000004;14;67890123.9;78901234.22
TKT-0000004;15;12345678.0;78901234.33
TKT-0000004;16;12345678.9;78901234.22
TKT-0000004;17;34567890.1;34567890.99
TKT-0000004;18;45678901.56;78901234.22
TKT-0000004;19;45678901.11;89012345.44
TKT-0000004;20;56789012.78;45678901.99
TKT-0000004;21;90123456.66;67890123.22
TKT-0000004;22;23456789.88;67890123.11
TKT-0000004;23;56789012.22;56789012.11
TKT-0000004;24;89012345.55;23456789.77
TKT-0000004;25;12345678.77;12345678.55
TKT-0000004;26;12345678.9;34567890.88
TKT-0000004;27;34567890.1;45678901.99
TKT-0000004;28;12345678.0;45678901.88
TKT-0000004;29;90123456.78;12345678.55
TKT-0000004;30;56789012.78;45678901.0
TKT-0000004;31;89012345.67;56789012.11
TKT-0000004;32;45678901.56;67890123.22
TKT-0000004;33;56789012.22;23456789.66
TKT-0000004;34;34567890.34;90123456.44
TKT-0000004;35;78901234.44;23456789.66
TKT-0000004;36;89012345.55;12345678.66
TKT-0000004;37;34567890.1;90123456.44
TKT-0000004;38;23456789.12;23456789.66
TKT-0000004;39;12345678.77;45678901.0
TKT-0000004;40;23456789.12;78901234.33
TKT-0000004;41;78901234.44;78901234.33
TKT-0000004;42;78901234.44;78901234.22
TKT-0000004;43;89012345.67;34567890.77
TKT-0000004;44;89012345.55;34567890.88
TKT-0000004;45;34567890.34;45678901.0
TKT-0000004;46;23456789.99;90123456.44
TKT-0000004;47;67890123.33;89012345.33
TKT-0000004;48;89012345.67;67890123.22
TKT-0000004;49;12345678.0;23456789.77
TKT-0000004;50;56789012.78;89012345.33
TKT-0000004;51;56789012.78;67890123.11
TKT-0000004;52;89012345.67;67890123.11
TKT-0000004;53;23456789.99;67890123.11
TKT-0000004;54;23456789.99;56789012.11
TKT-0000004;55;56789012.22;34567890.99
TKT-0000004;56;23456789.88;56789012.0
TKT-0000004;57;89012345.67;89012345.33
TKT-0000004;58;23456789.12;78901234.22
TKT-0000004;59;12345678.0;89012345.33
TKT-0000004;60;23456789.99;34567890.99
TKT-0000004;61;67890123.33;12345678.66
TKT-0000004;62;67890123.9;67890123.22
TKT-0000004;63;12345678.0;56789012.11
TKT-0000004;64;23456789.12;78901234.22
TKT-0000004;65;23456789.88;45678901.88
TKT-0000004;66;34567890.34;56789012.11
TKT-0000004;67;56789012.22;90123456.44
TKT-0000004;68;45678901.56;89012345.33
TKT-0000004;69;12345678.0;56789012.0
TKT-0000004;70;78901234.44;34567890.77
TKT-0000004;71;67890123.9;90123456.44
TKT-0000004;72;78901234.12;34567890.99
TKT-0000004;73;23456789.12;78901234.33
TKT-0000004;74;12345678.9;45678901.88
TKT-0000004;75;67890123.9;34567890.88
TKT-0000004;76;56789012.22;45678901.88
TKT-0000004;77;56789012.22;45678901.99
TKT-0000004;78;23456789.88;23456789.77
TKT-0000004;79;90123456.78;45678901.88
TKT-0000004;80;78901234.12;45678901.99
TKT-0000004;81;23456789.99;89012345.33
TKT-0000004;82;12345678.9;78901234.33
TKT-0000004;83;45678901.56;67890123.11
TKT-0000004;84;12345678.9;45678901.99
TKT-0000004;85;89012345.55;67890123.22
TKT-0000004;86;12345678.77;67890123.11
TKT-0000004;87;12345678.9;78901234.22
TKT-0000004;88;67890123.9;12345678.55
TKT-0000004;89;23456789.99;12345678.55
TKT-0000004;90;56789012.22;12345678.66
TKT-0000004;91;90123456.78;90123456.44
TKT-0000004;92;45678901.56;78901234.33
TKT-0000004;93;78901234.12;90123456.55
TKT-0000004;94;90123456.66;90123456.55
TKT-0000004;95;23456789.88;34567890.77
TKT-0000004;96;56789012.22;67890123.11
TKT-0000004;97;12345678.0;34567890.88
TKT-0000004;98;12345678.77;12345678.55
TKT-0000004;99;23456789.88;34567890.77
TKT-0000005;1;23456789.88;34567890.77
TKT-0000005;2;89012345.55;56789012.0
TKT-0000005;3;45678901.11;89012345.33
TKT-0000005;4;67890123.9;12345678.55
TKT-0000005;5;45678901.11;23456789.77
TKT-0000005;6;12345678.77;34567890.99
TKT-0000005;7;78901234.44;89012345.33
TKT-0000005;8;56789012.22;67890123.22
TKT-0000005;9;34567890.34;45678901.88
TKT-0000005;10;34567890.1;67890123.22
TKT-0000005;11;12345678.77;56789012.0
TKT-0000005;12;67890123.9;90123456.44
TKT-0000005;13;12345678.77;56789012.11
TKT-0000005;14;45678901.56;90123456.44
TKT-0000005;15;89012345.67;56789012.11
TKT-0000005;16;23456789.99;78901234.22
TKT-0000005;17;12345678.9;67890123.11
TKT-0000005;18;12345678.0;34567890.88
TKT-0000005;19;90123456.66;89012345.44
TKT-0000005;20;34567890.34;34567890.99
TKT-0000005;21;23456789.12;67890123.11
TKT-0000005;22;67890123.9;89012345.44
TKT-0000005;23;45678901.56;56789012.0
TKT-0000005;24;23456789.12;89012345.44
TKT-0000005;25;45678901.56;45678901.88
TKT-0000005;26;78901234.44;45678901.0
TKT-0000005;27;23456789.99;78901234.22
TKT-0000005;28;23456789.88;56789012.0
TKT-0000005;29;23456789.99;23456789.77
TKT-0000005;30;34567890.34;67890123.22
TKT-0000005;31;12345678.9;45678901.99
TKT-0000005;32;89012345.67;89012345.33
TKT-0000005;33;12345678.77;23456789.66
TKT-0000005;34;56789012.22;45678901.99
TKT-0000005;35;23456789.88;89012345.44
TKT-0000005;36;12345678.9;12345678.66
TKT-0000005;37;67890123.9;89012345.44
TKT-0000005;38;56789012.78;34567890.99
TKT-0000005;39;78901234.12;78901234.22
TKT-0000005;40;23456789.88;45678901.0
TKT-0000005;41;23456789.88;45678901.99
TKT-0000005;42;45678901.11;90123456.55
TKT-0000005;43;23456789.99;78901234.22
TKT-0000005;44;12345678.0;12345678.55
TKT-0000005;45;67890123.9;89012345.33
TKT-0000005;46;78901234.12;56789012.0
TKT-0000005;47;90123456.66;67890123.11
TKT-0000005;48;12345678.77;90123456.44
TKT-0000005;49;12345678.0;34567890.88
TKT-0000005;50;67890123.9;45678901.0
TKT-0000005;51;67890123.33;23456789.77
TKT-0000005;52;34567890.34;34567890.99
TKT-0000005;53;45678901.56;78901234.22
TKT-0000005;54;78901234.12;45678901.99
TKT-0000005;55;23456789.88;45678901.0
TKT-0000005;56;89012345.67;34567890.99
TKT-0000005;57;12345678.77;23456789.66
TKT-0000005;58;90123456.66;34567890.99
TKT-0000005;59;34567890.34;89012345.33
TKT-0000005;60;56789012.78;23456789.77
TKT-0000005;61;12345678.77;45678901.0
TKT-0000005;62;45678901.56;67890123.22
TKT-0000005;63;78901234.12;90123456.55
TKT-0000005;64;67890123.33;90123456.44
TKT-0000005;65;23456789.12;34567890.99
TKT-0000005;66;45678901.56;34567890.99
TKT-0000005;67;12345678.0;45678901.99
TKT-0000005;68;34567890.34;89012345.44
TKT-0000005;69;89012345.67;78901234.22
TKT-0000005;70;90123456.66;45678901.99
TKT-0000005;71;12345678.77;78901234.33
TKT-0000005;72;89012345.67;34567890.77
TKT-0000005;73;56789012.22;78901234.33
TKT-0000005;74;45678901.11;45678901.99
TKT-0000005;75;67890123.9;78901234.33
TKT-0000005;76;12345678.0;45678901.99
TKT-0000005;77;45678901.56;89012345.44
TKT-0000005;78;45678901.56;45678901.99
TKT-0000005;79;23456789.12;12345678.66
TKT-0000005;80;56789012.22;56789012.0
TKT-0000005;81;45678901.11;56789012.0
TKT-0000005;82;23456789.99;56789012.0
TKT-0000005;83;12345678.77;78901234.33
TKT-0000005;84;12345678.9;56789012.11
TKT-0000005;85;23456789.12;78901234.33
TKT-0000005;86;78901234.12;34567890.88
TKT-0000005;87;12345678.0;12345678.66
TKT-0000005;88;56789012.78;67890123.22
TKT-0000005;89;12345678.77;78901234.33
TKT-0000005;90;45678901.11;34567890.99
TKT-0000005;91;12345678.77;12345678.66
TKT-0000005;92;56789012.22;34567890.77
TKT-0000005;93;23456789.12;45678901.99
TKT-0000005;94;23456789.12;12345678.66
TKT-0000005;95;56789012.78;34567890.77
TKT-0000005;96;89012345.55;45678901.99
TKT-0000005;97;34567890.1;67890123.22
TKT-0000005;98;67890123.9;45678901.88
TKT-0000005;99;89012345.67;45678901.0
TKT-0000006;1;89012345.55;45678901.0
TKT-0000006;2;56789012.22;67890123.22
TKT-0000006;3;78901234.12;89012345.33
TKT-0000006;4;23456789.99;67890123.11
TKT-0000006;5;23456789.88;56789012.11
TKT-0000006;6;45678901.56;34567890.88
TKT-0000006;7;67890123.9;23456789.66
TKT-0000006;8;78901234.44;23456789.77
TKT-0000006;9;90123456.78;23456789.77
TKT-0000006;10;90123456.78;12345678.55
TKT-0000006;11;78901234.44;23456789.66
TKT-0000006;12;56789012.78;89012345.44
TKT-0000006;13;67890123.33;67890123.11
TKT-0000006;14;90123456.66;89012345.33
TKT-0000006;15;56789012.22;45678901.0
TKT-0000006;16;67890123.33;67890123.22
TKT-0000006;17;90123456.66;12345678.55
TKT-0000006;18;45678901.11;90123456.55
TKT-0000006;19;34567890.34;67890123.22
TKT-0000006;20;90123456.78;23456789.66
TKT-0000006;21;45678901.56;45678901.88
TKT-0000006;22;89012345.55;67890123.11
TKT-0000006;23;56789012.78;45678901.88
TKT-0000006;24;78901234.12;89012345.33
TKT-0000006;25;23456789.12;56789012.0
TKT-0000006;26;34567890.34;45678901.0
TKT-0000006;27;67890123.9;12345678.66
TKT-0000006;28;56789012.78;56789012.0
TKT-0000006;29;67890123.9;56789012.0
TKT-0000006;30;67890123.33;78901234.22
TKT-0000006;31;67890123.9;45678901.88
TKT-0000006;32;78901234.12;12345678.66
TKT-0000006;33;45678901.56;23456789.66
TKT-0000006;34;34567890.1;90123456.55
TKT-0000006;35;56789012.78;56789012.11
TKT-0000006;36;23456789.12;90123456.44
TKT-0000006;37;78901234.12;45678901.0
TKT-0000006;38;78901234.12;90123456.44
TKT-0000006;39;12345678.9;78901234.22
TKT-0000006;40;34567890.34;34567890.99
TKT-0000006;41;45678901.56;45678901.0
TKT-0000006;42;56789012.78;45678901.0
TKT-0000006;43;23456789.12;12345678.55
TKT-0000006;44;90123456.78;56789012.0
TKT-0000006;45;56789012.78;78901234.22
TKT-0000006;46;90123456.66;45678901.99
TKT-0000006;47;90123456.78;45678901.88
TKT-0000006;48;45678901.56;34567890.77
TKT-0000006;49;67890123.9;12345678.66
TKT-0000006;50;90123456.66;23456789.77
TKT-0000006;51;45678901.11;23456789.66
TKT-0000006;52;45678901.11;67890123.11
TKT-0000006;53;67890123.9;34567890.77
TKT-0000006;54;45678901.56;45678901.99
TKT-0000006;55;67890123.33;56789012.11
TKT-0000006;56;12345678.77;56789012.11
TKT-0000006;57;89012345.67;23456789.77
TKT-0000006;58;78901234.44;45678901.88
TKT-0000006;59;34567890.34;78901234.22
TKT-0000006;60;45678901.11;23456789.77
TKT-0000006;61;45678901.56;78901234.22
TKT-0000006;62;78901234.44;34567890.88
TKT-0000006;63;12345678.9;45678901.99
TKT-0000006;64;89012345.67;23456789.66
TKT-0000006;65;89012345.55;90123456.44
TKT-0000006;66;90123456.78;90123456.55
TKT-0000006;67;56789012.78;89012345.33
TKT-0000006;68;67890123.33;12345678.66
TKT-0000006;69;56789012.22;34567890.99
TKT-0000006;70;56789012.78;45678901.99
TKT-0000006;71;23456789.88;23456789.77
TKT-0000006;72;23456789.88;67890123.22
TKT-0000006;73;45678901.56;78901234.22
TKT-0000006;74;23456789.88;89012345.44
TKT-0000006;75;45678901.11;12345678.55
TKT-0000006;76;67890123.9;34567890.77
TKT-0000006;77;34567890.34;34567890.99
TKT-0000006;78;45678901.56;67890123.22
TKT-0000006;79;89012345.55;23456789.77
TKT-0000006;80;67890123.9;45678901.0
TKT-0000006;81;67890123.33;90123456.55
TKT-0000006;82;45678901.11;34567890.77
TKT-0000006;83;34567890.34;78901234.22
TKT-0000006;84;90123456.66;23456789.66
TKT-0000006;85;56789012.22;67890123.22
TKT-0000006;86;23456789.12;90123456.44
TKT-0000006;87;45678901.56;78901234.22
TKT-0000006;88;34567890.34;12345678.55
TKT-0000006;89;89012345.67;78901234.33
TKT-0000006;90;12345678.9;90123456.44
TKT-0000006;91;78901234.12;45678901.88
TKT-0000006;92;56789012.78;23456789.77
TKT-0000006;93;12345678.77;34567890.88
TKT-0000006;94;12345678.9;90123456.55
TKT-0000006;95;23456789.12;90123456.55
TKT-0000006;96;45678901.11;12345678.66
TKT-0000006;97;34567890.34;89012345.44
TKT-0000006;98;67890123.33;56789012.11
TKT-0000006;99;56789012.78;78901234.22
TKT-0000007;1;67890123.9;90123456.55
TKT-0000007;2;45678901.56;67890123.11
TKT-0000007;3;34567890.34;34567890.77
TKT-0000007;4;90123456.78;12345678.66
TKT-0000007;5;67890123.33;78901234.22
TKT-0000007;6;67890123.9;89012345.33
TKT-0000007;7;90123456.66;34567890.77
TKT-0000007;8;67890123.33;78901234.22
TKT-0000007;9;45678901.11;34567890.88
TKT-0000007;10;34567890.34;67890123.22
TKT-0000007;11;89012345.67;78901234.22
TKT-0000007;12;23456789.12;34567890.99
TKT-0000007;13;34567890.1;78901234.22
TKT-0000007;14;12345678.77;45678901.99
TKT-0000007;15;89012345.67;34567890.77
TKT-0000007;16;23456789.12;89012345.33
TKT-0000007;17;67890123.9;89012345.44
TKT-0000007;18;34567890.1;56789012.11
TKT-0000007;19;67890123.9;67890123.22
TKT-0000007;20;67890123.33;89012345.44
TKT-0000007;21;90123456.66;34567890.77
TKT-0000007;22;45678901.11;34567890.88
TKT-0000007;23;78901234.44;89012345.44
TKT-0000007;24;89012345.55;67890123.11
TKT-0000007;25;23456789.99;89012345.44
TKT-0000007;26;23456789.99;56789012.0
TKT-0000007;27;45678901.11;45678901.0
TKT-0000007;28;78901234.12;56789012.0
TKT-0000007;29;67890123.9;67890123.22
TKT-0000007;30;67890123.9;56789012.11
TKT-0000007;31;12345678.0;45678901.99
TKT-0000007;32;56789012.22;90123456.55
TKT-0000007;33;90123456.66;34567890.99
TKT-0000007;34;23456789.12;34567890.99
TKT-0000007;35;12345678.0;56789012.0
TKT-0000007;36;67890123.33;67890123.22
TKT-0000007;37;23456789.99;34567890.99
TKT-0000007;38;78901234.44;89012345.44
TKT-0000007;39;12345678.77;34567890.77
TKT-0000007;40;12345678.0;78901234.33
TKT-0000007;41;89012345.55;67890123.11
TKT-0000007;42;45678901.11;90123456.55
TKT-0000007;43;34567890.34;34567890.99
TKT-0000007;44;78901234.44;34567890.88
TKT-0000007;45;67890123.33;90123456.55
TKT-0000007;46;12345678.9;34567890.77
TKT-0000007;47;67890123.9;12345678.55
TKT-0000007;48;56789012.78;23456789.66
TKT-0000007;49;12345678.0;12345678.55
TKT-0000007;50;45678901.56;90123456.55
TKT-0000007;51;67890123.9;89012345.44
TKT-0000007;52;12345678.0;23456789.66
TKT-0000007;53;56789012.22;56789012.11
TKT-0000007;54;67890123.33;56789012.0
TKT-0000007;55;23456789.12;89012345.44
TKT-0000007;56;56789012.22;23456789.66
TKT-0000007;57;89012345.67;45678901.88
TKT-0000007;58;23456789.88;56789012.0
TKT-0000007;59;67890123.9;45678901.0
TKT-0000007;60;90123456.66;67890123.11
TKT-0000007;61;45678901.11;90123456.55
TKT-0000007;62;34567890.1;45678901.88
TKT-0000007;63;56789012.78;34567890.88
TKT-0000007;64;12345678.0;34567890.99
TKT-0000007;65;78901234.44;56789012.0
TKT-0000007;66;23456789.12;90123456.44
TKT-0000007;67;23456789.88;45678901.88
TKT-0000007;68;12345678.0;23456789.77
TKT-0000007;69;45678901.11;90123456.44
TKT-0000007;70;90123456.78;90123456.55
TKT-0000007;71;90123456.78;67890123.11
TKT-0000007;72;34567890.34;34567890.77
TKT-0000007;73;67890123.9;67890123.22
TKT-0000007;74;78901234.12;34567890.77
TKT-0000007;75;34567890.1;34567890.99
TKT-0000007;76;56789012.78;23456789.66
TKT-0000007;77;67890123.33;34567890.77
TKT-0000007;78;23456789.88;45678901.0
TKT-0000007;79;12345678.77;34567890.88
TKT-0000007;80;89012345.55;34567890.77
TKT-0000007;81;12345678.0;89012345.44
TKT-0000007;82;34567890.34;45678901.99
TKT-0000007;83;56789012.78;12345678.66
TKT-0000007;84;12345678.0;23456789.66
TKT-0000007;85;23456789.99;34567890.99
TKT-0000007;86;12345678.77;34567890.88
TKT-0000007;87;89012345.67;23456789.66
TKT-0000007;88;23456789.88;90123456.55
TKT-0000007;89;78901234.12;45678901.88
TKT-0000007;90;78901234.12;45678901.0
TKT-0000007;91;12345678.9;23456789.77
TKT-0000007;92;45678901.56;56789012.0
TKT-0000007;93;90123456.66;34567890.88
TKT-0000007;94;34567890.1;89012345.33
TKT-0000007;95;89012345.55;67890123.22
TKT-0000007;96;12345678.9;78901234.22
TKT-0000007;97;23456789.88;56789012.0
TKT-0000007;98;67890123.33;78901234.33
TKT-0000007;99;89012345.67;12345678.66
TKT-0000008;1;67890123.9;12345678.66
TKT-0000008;2;90123456.78;12345678.66
TKT-0000008;3;67890123.33;23456789.66
TKT-0000008;4;78901234.44;56789012.0
TKT-0000008;5;67890123.9;34567890.77
TKT-0000008;6;34567890.1;56789012.11
TKT-0000008;7;34567890.1;67890123.22
TKT-0000008;8;56789012.78;89012345.44
TKT-0000008;9;12345678.77;45678901.0
TKT-0000008;10;45678901.11;12345678.55
TKT-0000008;11;12345678.0;45678901.0
TKT-0000008;12;45678901.11;23456789.66
TKT-0000008;13;12345678.77;34567890.88
TKT-0000008;14;56789012.22;45678901.88
TKT-0000008;15;23456789.88;67890123.11
TKT-0000008;16;45678901.56;34567890.99
TKT-0000008;17;23456789.99;56789012.11
TKT-0000008;18;56789012.78;12345678.55
TKT-0000008;19;45678901.56;78901234.22
TKT-0000008;20;56789012.22;90123456.44
TKT-0000008;21;78901234.44;23456789.66
TKT-0000008;22;90123456.78;23456789.77
TKT-0000008;23;12345678.77;67890123.22
TKT-0000008;24;78901234.44;12345678.66
TKT-0000008;25;78901234.12;78901234.22
TKT-0000008;26;90123456.66;90123456.55
TKT-0000008;27;90123456.66;23456789.66
TKT-0000008;28;78901234.44;67890123.11
TKT-0000008;29;12345678.0;34567890.99
TKT-0000008;30;12345678.77;45678901.88
TKT-0000008;31;89012345.67;34567890.88
TKT-0000008;32;56789012.78;89012345.44
TKT-0000008;33;78901234.44;90123456.44
TKT-0000008;34;67890123.9;45678901.88
TKT-0000008;35;67890123.9;34567890.77
TKT-0000008;36;90123456.66;34567890.99
TKT-0000008;37;78901234.44;34567890.88
TKT-0000008;38;56789012.22;89012345.44
TKT-0000008;39;90123456.78;12345678.66
TKT-0000008;40;89012345.55;89012345.44
TKT-0000008;41;89012345.55;23456789.77
TKT-0000008;42;67890123.33;34567890.77
TKT-0000008;43;34567890.1;45678901.99
TKT-0000008;44;67890123.9;45678901.0
TKT-0000008;45;34567890.34;67890123.11
TKT-0000008;46;12345678.77;90123456.44
TKT-0000008;47;89012345.55;45678901.99
TKT-0000008;48;67890123.33;34567890.99
TKT-0000008;49;67890123.33;12345678.66
TKT-0000008;50;12345678.77;78901234.33
TKT-0000008;51;56789012.22;56789012.0
TKT-0000008;52;67890123.33;23456789.77
TKT-0000008;53;12345678.9;12345678.55
TKT-0000008;54;89012345.55;12345678.55
TKT-0000008;55;23456789.12;34567890.99
TKT-0000008;56;56789012.22;12345678.66
TKT-0000008;57;34567890.34;56789012.0
TKT-0000008;58;89012345.67;67890123.11
TKT-0000008;59;67890123.9;45678901.0
TKT-0000008;60;67890123.9;56789012.0
TKT-0000008;61;78901234.12;34567890.88
TKT-0000008;62;78901234.12;34567890.99
TKT-0000008;63;78901234.12;45678901.0
TKT-0000008;64;45678901.56;34567890.99
TKT-0000008;65;23456789.88;34567890.88
TKT-0000008;66;56789012.78;12345678.55
TKT-0000008;67;89012345.55;56789012.11
TKT-0000008;68;78901234.12;78901234.33
TKT-0000008;69;45678901.11;45678901.0
TKT-0000008;70;56789012.78;23456789.66
TKT-0000008;71;90123456.66;56789012.11
TKT-0000008;72;78901234.12;90123456.55
TKT-0000008;73;12345678.77;89012345.44
TKT-0000008;74;23456789.12;89012345.33
TKT-0000008;75;78901234.44;12345678.55
TKT-0000008;76;78901234.12;34567890.77
TKT-0000008;77;89012345.55;34567890.99
TKT-0000008;78;90123456.78;45678901.99
TKT-0000008;79;56789012.78;78901234.33
TKT-0000008;80;56789012.78;12345678.55
TKT-0000008;81;12345678.77;90123456.55
TKT-0000008;82;45678901.11;45678901.0
TKT-0000008;83;12345678.9;89012345.44
TKT-0000008;84;34567890.34;34567890.99
TKT-0000008;85;78901234.12;12345678.55
TKT-0000008;86;56789012.22;23456789.77
TKT-0000008;87;12345678.9;90123456.55
TKT-0000008;88;45678901.11;34567890.88
TKT-0000008;89;34567890.1;90123456.55
TKT-0000008;90;12345678.77;45678901.88
TKT-0000008;91;34567890.34;34567890.88
TKT-0000008;92;12345678.77;56789012.0
TKT-0000008;93;12345678.77;89012345.33
TKT-0000008;94;34567890.34;34567890.99
TKT-0000008;95;12345678.9;45678901.99
TKT-0000008;96;89012345.55;12345678.55
TKT-0000008;97;34567890.34;23456789.66
TKT-0000008;98;78901234.12;78901234.33
TKT-0000008;99;45678901.56;89012345.44
TKT-0000009;1;89012345.55;23456789.77
TKT-0000009;2;56789012.22;12345678.55
TKT-0000009;3;89012345.55;67890123.22
TKT-0000009;4;89012345.67;12345678.55
TKT-0000009;5;90123456.78;90123456.55
TKT-0000009;6;23456789.12;56789012.11
TKT-0000009;7;34567890.1;23456789.77
TKT-0000009;8;89012345.67;56789012.0
TKT-0000009;9;67890123.9;12345678.55
TKT-0000009;10;34567890.1;45678901.88
TKT-0000009;11;78901234.44;56789012.0
TKT-0000009;12;78901234.12;12345678.66
TKT-0000009;13;34567890.1;34567890.88
TKT-0000009;14;78901234.44;67890123.22
TKT-0000009;15;56789012.78;56789012.11
TKT-0000009;16;12345678.0;45678901.88
TKT-0000009;17;23456789.12;45678901.88
TKT-0000009;18;90123456.66;90123456.44
TKT-0000009;19;12345678.77;23456789.66
TKT-0000009;20;34567890.34;12345678.66
TKT-0000009;21;12345678.0;12345678.55
TKT-0000009;22;78901234.44;12345678.66
TKT-0000009;23;56789012.22;45678901.88
TKT-0000009;24;89012345.67;56789012.0
TKT-0000009;25;34567890.34;78901234.22
TKT-0000009;26;67890123.33;45678901.99
TKT-0000009;27;67890123.33;78901234.33
TKT-0000009;28;56789012.78;34567890.88
TKT-0000009;29;45678901.56;12345678.55
TKT-0000009;30;12345678.0;12345678.66
TKT-0000009;31;12345678.77;45678901.99
TKT-0000009;32;23456789.12;90123456.55
TKT-0000009;33;12345678.0;67890123.11
TKT-0000009;34;34567890.1;45678901.99
TKT-0000009;35;90123456.66;23456789.77
TKT-0000009;36;34567890.34;45678901.99
TKT-0000009;37;23456789.12;90123456.55
TKT-0000009;38;56789012.22;45678901.99
TKT-0000009;39;67890123.33;12345678.66
TKT-0000009;40;78901234.44;78901234.33
TKT-0000009;41;23456789.88;89012345.33
TKT-0000009;42;78901234.44;45678901.99
TKT-0000009;43;12345678.77;23456789.66
TKT-0000009;44;78901234.44;89012345.44
TKT-0000009;45;78901234.12;90123456.55
TKT-0000009;46;45678901.11;89012345.44
TKT-0000009;47;34567890.34;34567890.88
TKT-0000009;48;78901234.44;78901234.33
TKT-0000009;49;89012345.55;34567890.88
TKT-0000009;50;23456789.99;45678901.0
TKT-0000009;51;45678901.56;12345678.55
TKT-0000009;52;34567890.34;90123456.55
TKT-0000009;53;67890123.9;78901234.33
TKT-0000009;54;23456789.99;34567890.99
TKT-0000009;55;90123456.66;45678901.99
TKT-0000009;56;90123456.78;67890123.11
TKT-0000009;57;67890123.9;56789012.11
TKT-0000009;58;89012345.67;23456789.77
TKT-0000009;59;90123456.78;78901234.22
TKT-0000009;60;12345678.77;34567890.99
TKT-0000009;61;67890123.33;89012345.44
TKT-0000009;62;34567890.34;90123456.44
TKT-0000009;63;67890123.9;89012345.33
TKT-0000009;64;34567890.1;78901234.22
TKT-0000009;65;45678901.11;67890123.11
TKT-0000009;66;90123456.78;45678901.0
TKT-0000009;67;45678901.56;67890123.22
TKT-0000009;68;34567890.34;34567890.99
TKT-0000009;69;90123456.66;34567890.99
TKT-0000009;70;34567890.34;56789012.0
TKT-0000009;71;12345678.9;90123456.55
TKT-0000009;72;90123456.66;90123456.55
TKT-0000009;73;23456789.12;67890123.22
TKT-0000009;74;67890123.33;78901234.33
TKT-0000009;75;34567890.34;78901234.33
TKT-0000009;76;23456789.12;12345678.66
TKT-0000009;77;78901234.44;90123456.55
TKT-0000009;78;23456789.12;67890123.22
TKT-0000009;79;23456789.99;90123456.44
TKT-0000009;80;56789012.22;23456789.66
TKT-0000009;81;45678901.11;67890123.22
TKT-0000009;82;23456789.88;89012345.33
TKT-0000009;83;12345678.0;23456789.66
TKT-0000009;84;12345678.0;23456789.77
TKT-0000009;85;45678901.56;23456789.66
TKT-0000009;86;56789012.22;12345678.55
TKT-0000009;87;78901234.12;23456789.66
TKT-0000009;88;78901234.44;23456789.66
TKT-0000009;89;67890123.9;67890123.11
TKT-0000009;90;89012345.55;34567890.99
TKT-0000009;91;23456789.99;12345678.55
TKT-0000009;92;45678901.56;34567890.77
TKT-0000009;93;90123456.78;45678901.88
TKT-0000009;94;90123456.78;45678901.88
TKT-0000009;95;56789012.22;12345678.66
TKT-0000009;96;89012345.67;56789012.0
TKT-0000009;97;78901234.44;12345678.55
TKT-0000009;98;90123456.78;34567890.77
TKT-0000009;99;78901234.44;78901234.22
TKT-0000010;1;23456789.88;89012345.33
TKT-0000010;2;23456789.99;45678901.0
TKT-0000010;3;56789012.22;89012345.44
TKT-0000010;4;34567890.1;67890123.22
TKT-0000010;5;90123456.78;45678901.99
TKT-0000010;6;90123456.78;45678901.99
TKT-0000010;7;90123456.78;34567890.88
TKT-0000010;8;12345678.0;78901234.33
TKT-0000010;9;67890123.9;45678901.0
TKT-0000010;10;67890123.9;12345678.55
TKT-0000010;11;78901234.44;90123456.55
TKT-0000010;12;12345678.77;45678901.99
TKT-0000010;13;56789012.22;56789012.0
TKT-0000010;14;67890123.9;89012345.33
TKT-0000010;15;67890123.33;90123456.55
TKT-0000010;16;56789012.22;90123456.44
TKT-0000010;17;78901234.12;45678901.99
TKT-0000010;18;12345678.77;34567890.99
TKT-0000010;19;67890123.33;56789012.0
TKT-0000010;20;90123456.66;78901234.33
TKT-0000010;21;23456789.88;78901234.22
TKT-0000010;22;78901234.12;12345678.55
TKT-0000010;23;89012345.67;45678901.88
TKT-0000010;24;56789012.78;89012345.33
TKT-0000010;25;78901234.44;23456789.66
TKT-0000010;26;12345678.77;56789012.0
TKT-0000010;27;34567890.1;56789012.11
TKT-0000010;28;90123456.66;67890123.11
TKT-0000010;29;90123456.66;34567890.77
TKT-0000010;30;12345678.9;89012345.44
TKT-0000010;31;12345678.9;56789012.11
TKT-0000010;32;23456789.12;89012345.44
TKT-0000010;33;34567890.34;34567890.99
TKT-0000010;34;12345678.77;23456789.66
TKT-0000010;35;23456789.88;89012345.44
TKT-0000010;36;12345678.9;89012345.44
TKT-0000010;37;90123456.66;23456789.77
TKT-0000010;38;90123456.66;89012345.44
TKT-0000010;39;12345678.77;34567890.77
TKT-0000010;40;34567890.34;45678901.99
TKT-0000010;41;23456789.99;56789012.11
TKT-0000010;42;45678901.11;45678901.0
TKT-0000010;43;67890123.9;12345678.66
TKT-0000010;44;89012345.67;67890123.11
TKT-0000010;45;34567890.1;23456789.77
TKT-0000010;46;34567890.1;78901234.22
TKT-0000010;47;12345678.9;23456789.66
TKT-0000010;48;12345678.9;23456789.66
TKT-0000010;49;78901234.44;67890123.22
TKT-0000010;50;23456789.12;67890123.11
TKT-0000010;51;12345678.9;56789012.0
TKT-0000010;52;12345678.77;23456789.66
TKT-0000010;53;78901234.44;56789012.0
TKT-0000010;54;89012345.55;12345678.55
TKT-0000010;55;12345678.9;34567890.77
TKT-0000010;56;12345678.77;12345678.66
TKT-0000010;57;12345678.0;34567890.99
TKT-0000010;58;23456789.99;67890123.11
TKT-0000010;59;12345678.9;45678901.99
TKT-0000010;60;12345678.9;12345678.55
TKT-0000010;61;56789012.78;45678901.99
TKT-0000010;62;45678901.11;23456789.77
TKT-0000010;63;12345678.77;45678901.99
TKT-0000010;64;67890123.9;90123456.55
TKT-0000010;65;56789012.22;34567890.88
TKT-0000010;66;23456789.12;78901234.22
TKT-0000010;67;89012345.67;56789012.11
TKT-0000010;68;78901234.44;34567890.88
TKT-0000010;69;89012345.67;89012345.33
TKT-0000010;70;90123456.78;67890123.11
TKT-0000010;71;90123456.66;67890123.22
TKT-0000010;72;89012345.67;67890123.22
TKT-0000010;73;23456789.12;45678901.88
TKT-0000010;74;78901234.44;78901234.22
TKT-0000010;75;34567890.34;45678901.88
TKT-0000010;76;89012345.55;23456789.66
TKT-0000010;77;56789012.22;23456789.77
TKT-0000010;78;45678901.56;78901234.22
TKT-0000010;79;45678901.56;90123456.44
TKT-0000010;80;23456789.12;34567890.77
TKT-0000010;81;12345678.9;90123456.44
TKT-0000010;82;12345678.77;34567890.99
TKT-0000010;83;89012345.67;56789012.11
TKT-0000010;84;12345678.9;34567890.77
TKT-0000010;85;12345678.9;12345678.55
TKT-0000010;86;78901234.44;23456789.77
TKT-0000010;87;56789012.22;23456789.77
TKT-0000010;88;34567890.1;23456789.66
TKT-0000010;89;67890123.33;56789012.0
TKT-0000010;90;23456789.99;90123456.44
TKT-0000010;91;12345678.77;78901234.22
TKT-0000010;92;12345678.77;23456789.77
TKT-0000010;93;45678901.56;56789012.0
TKT-0000010;94;78901234.12;78901234.22
TKT-0000010;95;45678901.56;78901234.33
TKT-0000010;96;56789012.22;67890123.22
TKT-0000010;97;67890123.9;23456789.77
TKT-0000010;98;67890123.33;89012345.44
TKT-0000010;99;23456789.12;34567890.88
TKT-0000011;1;12345678.9;12345678.66
TKT-0000011;2;23456789.88;12345678.66
TKT-0000011;3;23456789.88;90123456.55
TKT-0000011;4;78901234.44;78901234.22
TKT-0000011;5;90123456.66;89012345.44
TKT-0000011;6;78901234.12;90123456.44
TKT-0000011;7;12345678.9;23456789.66
TKT-0000011;8;78901234.44;12345678.55
TKT-0000011;9;12345678.0;45678901.88
TKT-0000011;10;56789012.78;90123456.55
TKT-0000011;11;23456789.99;67890123.22
TKT-0000011;12;78901234.12;45678901.0
TKT-0000011;13;23456789.88;45678901.88
TKT-0000011;14;23456789.88;78901234.22
TKT-0000011;15;23456789.12;67890123.22
TKT-0000011;16;67890123.33;23456789.66
TKT-0000011;17;23456789.99;78901234.33
TKT-0000011;18;45678901.11;90123456.44
TKT-0000011;19;12345678.9;45678901.99
TKT-0000011;20;56789012.78;78901234.33
TKT-0000011;21;56789012.22;90123456.55
TKT-0000011;22;90123456.78;56789012.11
TKT-0000011;23;78901234.12;67890123.22
TKT-0000011;24;23456789.88;78901234.33
TKT-0000011;25;78901234.12;78901234.22
TKT-0000011;26;23456789.12;67890123.11
TKT-0000011;27;89012345.55;67890123.22
TKT-0000011;28;90123456.78;34567890.88
TKT-0000011;29;34567890.34;78901234.22
TKT-0000011;30;34567890.1;90123456.55
TKT-0000011;31;34567890.34;90123456.55
TKT-0000011;32;23456789.88;90123456.55
TKT-0000011;33;67890123.9;90123456.55
TKT-0000011;34;23456789.88;45678901.0
TKT-0000011;35;34567890.34;12345678.55
TKT-0000011;36;89012345.67;56789012.11
TKT-0000011;37;34567890.34;90123456.55
TKT-0000011;38;78901234.44;34567890.88
TKT-0000011;39;12345678.77;89012345.33
TKT-0000011;40;67890123.9;78901234.22
TKT-0000011;41;34567890.1;45678901.99
TKT-0000011;42;67890123.9;78901234.22
TKT-0000011;43;23456789.88;23456789.77
TKT-0000011;44;45678901.56;12345678.66
TKT-0000011;45;56789012.22;23456789.66
TKT-0000011;46;89012345.67;34567890.88
TKT-0000011;47;90123456.78;78901234.22
TKT-0000011;48;12345678.9;23456789.77
TKT-0000011;49;78901234.44;23456789.77
TKT-0000011;50;56789012.78;89012345.44
TKT-0000011;51;78901234.12;45678901.0
TKT-0000011;52;67890123.33;34567890.99
TKT-0000011;53;89012345.67;45678901.88
TKT-0000011;54;67890123.9;56789012.0
TKT-0000011;55;90123456.66;23456789.66
TKT-0000011;56;12345678.9;45678901.0
TKT-0000011;57;12345678.77;23456789.77
TKT-0000011;58;89012345.67;67890123.22
TKT-0000011;59;12345678.0;34567890.99
TKT-0000011;60;23456789.99;45678901.99
TKT-0000011;61;23456789.12;78901234.22
TKT-0000011;62;45678901.56;12345678.55
TKT-0000011;63;90123456.78;45678901.99
TKT-0000011;64;67890123.9;78901234.33
TKT-0000011;65;34567890.34;23456789.77
TKT-0000011;66;12345678.0;45678901.0
TKT-0000011;67;90123456.66;78901234.22
TKT-0000011;68;90123456.66;90123456.55
TKT-0000011;69;56789012.78;34567890.99
TKT-0000011;70;12345678.0;89012345.33
TKT-0000011;71;89012345.67;12345678.66
TKT-0000011;72;56789012.22;89012345.44
TKT-0000011;73;12345678.9;78901234.33
TKT-0000011;74;67890123.33;78901234.33
TKT-0000011;75;89012345.55;12345678.66
TKT-0000011;76;12345678.9;34567890.77
TKT-0000011;77;34567890.1;12345678.55
TKT-0000011;78;12345678.0;12345678.55
TKT-0000011;79;89012345.67;90123456.55
TKT-0000011;80;89012345.55;90123456.44
TKT-0000011;81;67890123.9;67890123.22
TKT-0000011;82;12345678.77;45678901.0
TKT-0000011;83;78901234.44;12345678.55
TKT-0000011;84;89012345.67;12345678.55
TKT-0000011;85;34567890.34;89012345.33
TKT-0000011;86;34567890.34;45678901.99
TKT-0000011;87;45678901.56;90123456.44
TKT-0000011;88;56789012.78;90123456.55
TKT-0000011;89;89012345.55;12345678.66
TKT-0000011;90;78901234.12;45678901.99
TKT-0000011;91;56789012.22;23456789.66
TKT-0000011;92;12345678.0;34567890.77
TKT-0000011;93;89012345.55;45678901.88
TKT-0000011;94;67890123.9;45678901.99
TKT-0000011;95;12345678.9;90123456.44
TKT-0000011;96;67890123.33;34567890.99
TKT-0000011;97;12345678.77;45678901.0
TKT-0000011;98;78901234.44;89012345.44
TKT-0000011;99;89012345.55;34567890.99
TKT-0000012;1;89012345.67;56789012.11
TKT-0000012;2;23456789.88;12345678.66
TKT-0000012;3;45678901.11;90123456.55
TKT-0000012;4;34567890.34;45678901.99
TKT-0000012;5;23456789.12;12345678.55
TKT-0000012;6;34567890.1;89012345.44
TKT-0000012;7;89012345.67;67890123.11
TKT-0000012;8;67890123.33;34567890.77
TKT-0000012;9;45678901.11;34567890.77
TKT-0000012;10;34567890.1;45678901.0
TKT-0000012;11;90123456.66;12345678.66
TKT-0000012;12;34567890.34;78901234.33
TKT-0000012;13;45678901.11;34567890.88
TKT-0000012;14;12345678.0;56789012.0
TKT-0000012;15;78901234.12;45678901.0
TKT-0000012;16;12345678.9;45678901.88
TKT-0000012;17;56789012.78;23456789.66
TKT-0000012;18;89012345.67;34567890.77
TKT-0000012;19;78901234.44;89012345.44
TKT-0000012;20;23456789.12;23456789.66
TKT-0000012;21;12345678.77;67890123.11
TKT-0000012;22;23456789.88;12345678.66
TKT-0000012;23;89012345.55;89012345.44
TKT-0000012;24;67890123.9;67890123.22
TKT-0000012;25;78901234.44;34567890.88
TKT-0000012;26;12345678.9;56789012.0
TKT-0000012;27;56789012.78;45678901.0
TKT-0000012;28;12345678.9;45678901.99
TKT-0000012;29;67890123.33;34567890.99
TKT-0000012;30;90123456.78;12345678.55
TKT-0000012;31;45678901.11;34567890.88
TKT-0000012;32;56789012.78;12345678.66
TKT-0000012;33;67890123.9;34567890.77
TKT-0000012;34;78901234.44;90123456.55
TKT-0000012;35;90123456.78;89012345.33
TKT-0000012;36;12345678.0;90123456.44
TKT-0000012;37;23456789.88;45678901.99
TKT-0000012;38;56789012.22;90123456.55
TKT-0000012;39;78901234.12;89012345.33
TKT-0000012;40;34567890.1;45678901.88
TKT-0000012;41;12345678.9;12345678.66
TKT-0000012;42;34567890.34;34567890.77
TKT-0000012;43;23456789.88;23456789.77
TKT-0000012;44;90123456.66;56789012.0
TKT-0000012;45;89012345.67;23456789.66
TKT-0000012;46;12345678.77;12345678.66
TKT-0000012;47;34567890.1;23456789.77
TKT-0000012;48;56789012.22;90123456.55
TKT-0000012;49;23456789.88;78901234.33
TKT-0000012;50;90123456.66;90123456.55
TKT-0000012;51;67890123.33;12345678.55
TKT-0000012;52;90123456.78;12345678.66
TKT-0000012;53;23456789.99;67890123.22
TKT-0000012;54;34567890.1;34567890.77
TKT-0000012;55;90123456.78;78901234.33
TKT-0000012;56;12345678.0;23456789.77
TKT-0000012;57;56789012.78;45678901.0
TKT-0000012;58;67890123.33;23456789.77
TKT-0000012;59;34567890.1;78901234.22
TKT-0000012;60;90123456.78;90123456.55
TKT-0000012;61;67890123.9;34567890.77
TKT-0000012;62;45678901.11;34567890.99
TKT-0000012;63;45678901.11;78901234.22
TKT-0000012;64;56789012.78;45678901.99
TKT-0000012;65;89012345.67;67890123.22
TKT-0000012;66;67890123.9;56789012.0
TKT-0000012;67;34567890.34;45678901.99
TKT-0000012;68;90123456.66;89012345.44
TKT-0000012;69;45678901.56;89012345.44
TKT-0000012;70;90123456.66;90123456.44
TKT-0000012;71;90123456.78;23456789.77
TKT-0000012;72;12345678.9;89012345.44
TKT-0000012;73;12345678.9;67890123.11
TKT-0000012;74;67890123.33;34567890.88
TKT-0000012;75;89012345.55;23456789.66
TKT-0000012;76;78901234.44;34567890.99
TKT-0000012;77;23456789.88;45678901.88
TKT-0000012;78;56789012.78;78901234.33
TKT-0000012;79;45678901.56;89012345.33
TKT-0000012;80;90123456.66;23456789.66
TKT-0000012;81;89012345.55;56789012.11
TKT-0000012;82;90123456.78;23456789.66
TKT-0000012;83;45678901.56;67890123.11
TKT-0000012;84;56789012.78;34567890.88
TKT-0000012;85;89012345.55;23456789.66
TKT-0000012;86;56789012.78;45678901.99
TKT-0000012;87;56789012.22;89012345.33
TKT-0000012;88;23456789.99;78901234.33
TKT-0000012;89;23456789.12;12345678.66
TKT-0000012;90;56789012.78;34567890.88
TKT-0000012;91;90123456.78;89012345.44
TKT-0000012;92;78901234.12;89012345.44
TKT-0000012;93;89012345.55;78901234.33
TKT-0000012;94;90123456.78;78901234.22
TKT-0000012;95;56789012.78;90123456.55
TKT-0000012;96;90123456.66;90123456.55
TKT-0000012;97;34567890.1;34567890.88
TKT-0000012;98;34567890.1;89012345.33
TKT-0000012;99;34567890.34;45678901.99
TKT-0000013;1;56789012.78;23456789.66
TKT-0000013;2;67890123.9;12345678.66
TKT-0000013;3;12345678.0;56789012.0
TKT-0000013;4;90123456.78;34567890.77
TKT-0000013;5;78901234.44;56789012.0
TKT-0000013;6;12345678.0;34567890.99
TKT-0000013;7;23456789.88;78901234.33
TKT-0000013;8;34567890.1;34567890.88
TKT-0000013;9;34567890.1;45678901.0
TKT-0000013;10;12345678.0;45678901.88
TKT-0000013;11;90123456.78;45678901.88
TKT-0000013;12;23456789.99;12345678.66
TKT-0000013;13;90123456.66;23456789.66
TKT-0000013;14;89012345.55;89012345.33
TKT-0000013;15;67890123.9;89012345.33
TKT-0000013;16;45678901.11;12345678.66
TKT-0000013;17;12345678.77;78901234.22
TKT-0000013;18;12345678.0;67890123.11
TKT-0000013;19;67890123.33;90123456.44
TKT-0000013;20;45678901.11;34567890.77
TKT-0000013;21;90123456.66;56789012.0
TKT-0000013;22;12345678.9;12345678.66
TKT-0000013;23;89012345.67;67890123.22
TKT-0000013;24;23456789.99;56789012.11
TKT-0000013;25;34567890.34;56789012.0
TKT-0000013;26;78901234.44;45678901.99
TKT-0000013;27;45678901.56;34567890.77
TKT-0000013;28;56789012.22;34567890.99
TKT-0000013;29;89012345.55;90123456.55
TKT-0000013;30;23456789.99;12345678.66
TKT-0000013;31;89012345.67;89012345.33
TKT-0000013;32;45678901.11;90123456.44
TKT-0000013;33;12345678.9;67890123.22
TKT-0000013;34;78901234.44;78901234.33
TKT-0000013;35;56789012.78;23456789.77
TKT-0000013;36;90123456.66;90123456.44
TKT-0000013;37;34567890.34;34567890.77
TKT-0000013;38;45678901.11;34567890.99
TKT-0000013;39;90123456.78;89012345.44
TKT-0000013;40;89012345.55;89012345.33
TKT-0000013;41;34567890.1;67890123.22
TKT-0000013;42;67890123.33;34567890.99
TKT-0000013;43;89012345.55;34567890.77
TKT-0000013;44;78901234.12;78901234.22
TKT-0000013;45;89012345.55;78901234.22
TKT-0000013;46;89012345.67;34567890.77
TKT-0000013;47;89012345.67;78901234.22
TKT-0000013;48;12345678.77;45678901.0
TKT-0000013;49;45678901.56;23456789.77
TKT-0000013;50;67890123.33;90123456.44
TKT-0000013;51;90123456.66;67890123.22
TKT-0000013;52;78901234.12;45678901.88
TKT-0000013;53;67890123.33;45678901.99
TKT-0000013;54;89012345.55;78901234.22
TKT-0000013;55;45678901.56;34567890.99
TKT-0000013;56;34567890.34;56789012.11
TKT-0000013;57;56789012.78;23456789.77
TKT-0000013;58;78901234.44;56789012.0
TKT-0000013;59;56789012.22;56789012.0
TKT-0000013;60;78901234.44;45678901.88
TKT-0000013;61;78901234.44;90123456.55
TKT-0000013;62;45678901.56;34567890.99
TKT-0000013;63;12345678.9;34567890.88
TKT-0000013;64;34567890.1;90123456.55
TKT-0000013;65;12345678.77;23456789.77
TKT-0000013;66;78901234.44;45678901.0
TKT-0000013;67;23456789.88;89012345.44
TKT-0000013;68;89012345.55;67890123.11
TKT-0000013;69;67890123.33;23456789.66
TKT-0000013;70;45678901.11;67890123.22
TKT-0000013;71;89012345.67;67890123.22
TKT-0000013;72;89012345.55;12345678.55
TKT-0000013;73;67890123.33;67890123.11
TKT-0000013;74;23456789.99;45678901.0
TKT-0000013;75;34567890.34;12345678.55
TKT-0000013;76;12345678.77;67890123.11
TKT-0000013;77;34567890.1;90123456.44
TKT-0000013;78;56789012.78;34567890.77
TKT-0000013;79;90123456.66;12345678.66
TKT-0000013;80;12345678.0;45678901.0
TKT-0000013;81;78901234.44;45678901.99
TKT-0000013;82;12345678.0;90123456.44
TKT-0000013;83;56789012.78;23456789.77
TKT-0000013;84;23456789.99;45678901.88
TKT-0000013;85;34567890.1;34567890.88
TKT-0000013;86;23456789.99;12345678.66
TKT-0000013;87;45678901.56;89012345.33
TKT-0000013;88;23456789.99;67890123.22
TKT-0000013;89;34567890.1;89012345.44
TKT-0000013;90;45678901.56;90123456.44
TKT-0000013;91;12345678.9;90123456.55
TKT-0000013;92;34567890.1;90123456.55
TKT-0000013;93;34567890.34;23456789.66
TKT-0000013;94;89012345.67;34567890.88
TKT-0000013;95;45678901.56;89012345.33
TKT-0000013;96;12345678.0;34567890.77
TKT-0000013;97;12345678.9;67890123.22
TKT-0000013;98;90123456.66;67890123.22
TKT-0000013;99;56789012.22;90123456.55
TKT-0000014;1;90123456.78;56789012.11
TKT-0000014;2;89012345.55;34567890.77
TKT-0000014;3;89012345.67;34567890.99
TKT-0000014;4;23456789.88;78901234.33
TKT-0000014;5;34567890.34;67890123.11
TKT-0000014;6;90123456.78;89012345.44
TKT-0000014;7;67890123.33;23456789.66
TKT-0000014;8;23456789.99;67890123.11
TKT-0000014;9;90123456.66;56789012.11
TKT-0000014;10;12345678.77;90123456.55
TKT-0000014;11;34567890.34;67890123.11
TKT-0000014;12;56789012.78;23456789.77
TKT-0000014;13;12345678.0;89012345.44
TKT-0000014;14;45678901.11;45678901.99
TKT-0000014;15;56789012.78;34567890.77
TKT-0000014;16;56789012.78;45678901.88
TKT-0000014;17;45678901.56;34567890.99
TKT-0000014;18;90123456.66;45678901.88
TKT-0000014;19;78901234.44;45678901.0
TKT-0000014;20;45678901.11;45678901.0
TKT-0000014;21;78901234.44;23456789.66
TKT-0000014;22;34567890.34;12345678.66
TKT-0000014;23;89012345.67;45678901.99
TKT-0000014;24;56789012.78;12345678.66
TKT-0000014;25;45678901.56;34567890.77
TKT-0000014;26;34567890.34;56789012.0
TKT-0000014;27;78901234.44;78901234.22
TKT-0000014;28;56789012.22;45678901.88
TKT-0000014;29;45678901.11;90123456.55
TKT-0000014;30;90123456.66;45678901.99
TKT-0000014;31;89012345.67;78901234.33
TKT-0000014;32;34567890.1;34567890.88
TKT-0000014;33;90123456.66;45678901.88
TKT-0000014;34;34567890.34;56789012.11
TKT-0000014;35;67890123.9;90123456.55
TKT-0000014;36;23456789.88;90123456.55
TKT-0000014;37;12345678.9;89012345.44
TKT-0000014;38;89012345.67;34567890.88
TKT-0000014;39;89012345.67;56789012.0
TKT-0000014;40;90123456.66;34567890.99
TKT-0000014;41;56789012.22;56789012.11
TKT-0000014;42;89012345.67;23456789.77
TKT-0000014;43;90123456.78;67890123.11
TKT-0000014;44;23456789.88;23456789.77
TKT-0000014;45;56789012.78;45678901.88
TKT-0000014;46;34567890.34;67890123.22
TKT-0000014;47;12345678.77;56789012.0
TKT-0000014;48;45678901.11;23456789.66
TKT-0000014;49;45678901.56;90123456.55
TKT-0000014;50;78901234.12;34567890.77
TKT-0000014;51;78901234.12;78901234.22
TKT-0000014;52;78901234.44;12345678.66
TKT-0000014;53;89012345.55;78901234.33
TKT-0000014;54;34567890.34;12345678.55
TKT-0000014;55;67890123.33;23456789.66
TKT-0000014;56;23456789.88;89012345.33
TKT-0000014;57;67890123.33;34567890.77
TKT-0000014;58;34567890.1;89012345.33
TKT-0000014;59;78901234.44;34567890.77
TKT-0000014;60;90123456.78;34567890.88
TKT-0000014;61;56789012.22;45678901.0
TKT-0000014;62;12345678.0;45678901.99
TKT-0000014;63;34567890.34;12345678.66
TKT-0000014;64;90123456.78;67890123.22
TKT-0000014;65;67890123.33;23456789.77
TKT-0000014;66;56789012.22;89012345.44
TKT-0000014;67;34567890.34;67890123.11
TKT-0000014;68;34567890.1;78901234.22
TKT-0000014;69;45678901.56;67890123.22
TKT-0000014;70;90123456.66;23456789.77
TKT-0000014;71;12345678.9;45678901.88
TKT-0000014;72;56789012.78;12345678.55
TKT-0000014;73;12345678.0;34567890.77
TKT-0000014;74;78901234.12;45678901.99
TKT-0000014;75;89012345.55;89012345.44
TKT-0000014;76;90123456.78;89012345.33
TKT-0000014;77;89012345.67;45678901.99
TKT-0000014;78;56789012.78;23456789.77
TKT-0000014;79;23456789.12;45678901.0
TKT-0000014;80;78901234.44;23456789.66
TKT-0000014;81;12345678.9;67890123.22
TKT-0000014;82;34567890.34;67890123.11
TKT-0000014;83;12345678.0;45678901.88
TKT-0000014;84;12345678.0;89012345.33
TKT-0000014;85;90123456.78;78901234.33
TKT-0000014;86;67890123.9;89012345.33
TKT-0000014;87;34567890.1;45678901.0
TKT-0000014;88;89012345.55;34567890.88
TKT-0000014;89;56789012.22;34567890.88
TKT-0000014;90;34567890.1;34567890.77
TKT-0000014;91;34567890.34;12345678.55
TKT-0000014;92;67890123.33;23456789.66
TKT-0000014;93;78901234.44;56789012.0
TKT-0000014;94;56789012.78;56789012.11
TKT-0000014;95;67890123.33;34567890.77
TKT-0000014;96;89012345.55;56789012.0
TKT-0000014;97;23456789.99;78901234.33
TKT-0000014;98;56789012.22;34567890.77
TKT-0000014;99;67890123.9;34567890.99
TKT-0000015;1;23456789.99;78901234.33
TKT-0000015;2;89012345.67;89012345.33
TKT-0000015;3;12345678.9;90123456.44
TKT-0000015;4;78901234.44;90123456.44
TKT-0000015;5;12345678.9;23456789.77
TKT-0000015;6;89012345.55;34567890.88
TKT-0000015;7;56789012.78;78901234.22
TKT-0000015;8;67890123.33;34567890.99
TKT-0000015;9;56789012.78;34567890.99
TKT-0000015;10;89012345.67;45678901.0
TKT-0000015;11;23456789.99;12345678.66
TKT-0000015;12;23456789.99;12345678.55
TKT-0000015;13;89012345.67;45678901.0
TKT-0000015;14;90123456.66;45678901.0
TKT-0000015;15;56789012.78;78901234.22
TKT-0000015;16;34567890.34;78901234.22
TKT-0000015;17;12345678.77;23456789.66
TKT-0000015;18;89012345.55;34567890.99
TKT-0000015;19;78901234.44;45678901.99
TKT-0000015;20;23456789.99;67890123.22
TKT-0000015;21;23456789.12;67890123.22
TKT-0000015;22;89012345.55;23456789.77
TKT-0000015;23;67890123.9;34567890.77
TKT-0000015;24;23456789.12;56789012.0
TKT-0000015;25;90123456.78;45678901.0
TKT-0000015;26;23456789.12;78901234.33
TKT-0000015;27;90123456.66;12345678.66
TKT-0000015;28;34567890.34;90123456.55
TKT-0000015;29;67890123.9;56789012.11
TKT-0000015;30;90123456.66;78901234.33
TKT-0000015;31;34567890.1;34567890.77
TKT-0000015;32;67890123.9;90123456.55
TKT-0000015;33;78901234.12;34567890.77
TKT-0000015;34;56789012.78;23456789.77
TKT-0000015;35;56789012.22;67890123.11
TKT-0000015;36;67890123.9;78901234.33
TKT-0000015;37;90123456.78;45678901.99
TKT-0000015;38;12345678.77;34567890.77
TKT-0000015;39;45678901.11;34567890.88
TKT-0000015;40;12345678.77;45678901.99
TKT-0000015;41;89012345.67;78901234.22
TKT-0000015;42;45678901.11;34567890.99
TKT-0000015;43;34567890.1;45678901.88
TKT-0000015;44;23456789.88;56789012.0
TKT-0000015;45;78901234.44;90123456.44
TKT-0000015;46;12345678.0;90123456.44
TKT-0000015;47;56789012.22;45678901.88
TKT-0000015;48;89012345.55;56789012.0
TKT-0000015;49;23456789.88;67890123.11
TKT-0000015;50;23456789.99;89012345.44
TKT-0000015;51;12345678.77;78901234.22
TKT-0000015;52;67890123.9;23456789.66
TKT-0000015;53;23456789.12;56789012.11
TKT-0000015;54;90123456.78;12345678.55
TKT-0000015;55;67890123.9;34567890.88
TKT-0000015;56;23456789.88;89012345.33
TKT-0000015;57;89012345.67;90123456.55
TKT-0000015;58;12345678.9;12345678.55
TKT-0000015;59;90123456.78;89012345.33
TKT-0000015;60;45678901.11;45678901.88
TKT-0000015;61;89012345.67;90123456.55
TKT-0000015;62;56789012.78;12345678.55
TKT-0000015;63;67890123.33;90123456.44
TKT-0000015;64;67890123.9;89012345.44
TKT-0000015;65;78901234.12;12345678.55
TKT-0000015;66;89012345.55;56789012.11
TKT-0000015;67;78901234.44;45678901.99
TKT-0000015;68;12345678.0;34567890.77
TKT-0000015;69;67890123.33;78901234.33
TKT-0000015;70;78901234.12;89012345.44
TKT-0000015;71;67890123.9;67890123.22
TKT-0000015;72;45678901.56;56789012.11
TKT-0000015;73;78901234.44;89012345.44
TKT-0000015;74;23456789.12;78901234.22
TKT-0000015;75;78901234.44;90123456.44
TKT-0000015;76;45678901.11;45678901.88
TKT-0000015;77;45678901.56;12345678.66
TKT-0000015;78;45678901.11;78901234.33
TKT-0000015;79;12345678.77;34567890.77
TKT-0000015;80;23456789.88;78901234.22
TKT-0000015;81;23456789.99;45678901.0
TKT-0000015;82;23456789.88;56789012.11
TKT-0000015;83;12345678.77;45678901.0
TKT-0000015;84;67890123.9;67890123.11
TKT-0000015;85;34567890.1;89012345.33
TKT-0000015;86;67890123.33;89012345.33
TKT-0000015;87;23456789.99;56789012.0
TKT-0000015;88;12345678.0;90123456.55
TKT-0000015;89;67890123.9;56789012.11
TKT-0000015;90;12345678.9;45678901.88
TKT-0000015;91;12345678.77;23456789.77
TKT-0000015;92;12345678.9;78901234.22
TKT-0000015;93;67890123.9;78901234.33
TKT-0000015;94;89012345.55;34567890.99
TKT-0000015;95;34567890.34;45678901.0
TKT-0000015;96;89012345.55;45678901.0
TKT-0000015;97;23456789.12;78901234.22
TKT-0000015;98;12345678.9;45678901.0
TKT-0000015;99;67890123.33;56789012.0
TKT-0000016;1;89012345.67;23456789.66
TKT-0000016;2;12345678.77;45678901.0
TKT-0000016;3;67890123.9;34567890.99
TKT-0000016;4;23456789.88;45678901.88
TKT-0000016;5;12345678.0;90123456.44
TKT-0000016;6;45678901.56;78901234.22
TKT-0000016;7;78901234.44;89012345.44
TKT-0000016;8;56789012.78;89012345.44
TKT-0000016;9;23456789.88;34567890.88
TKT-0000016;10;45678901.56;23456789.77
TKT-0000016;11;45678901.11;78901234.33
TKT-0000016;12;23456789.12;56789012.11
TKT-0000016;13;34567890.1;67890123.11
TKT-0000016;14;56789012.22;78901234.33
TKT-0000016;15;23456789.88;34567890.99
TKT-0000016;16;78901234.44;34567890.88
TKT-0000016;17;90123456.78;89012345.44
TKT-0000016;18;67890123.9;89012345.44
TKT-0000016;19;23456789.12;67890123.11
TKT-0000016;20;89012345.67;56789012.11
TKT-0000016;21;67890123.9;45678901.99
TKT-0000016;22;23456789.99;78901234.33
TKT-0000016;23;12345678.0;45678901.0
TKT-0000016;24;90123456.78;56789012.0
TKT-0000016;25;23456789.12;67890123.22
TKT-0000016;26;56789012.22;23456789.77
TKT-0000016;27;89012345.67;78901234.33
TKT-0000016;28;90123456.78;78901234.22
TKT-0000016;29;90123456.66;45678901.99
TKT-0000016;30;90123456.78;34567890.77
TKT-0000016;31;23456789.99;67890123.22
TKT-0000016;32;12345678.0;67890123.11
TKT-0000016;33;23456789.99;89012345.33
TKT-0000016;34;12345678.77;45678901.0
TKT-0000016;35;90123456.66;89012345.44
TKT-0000016;36;67890123.9;78901234.22
TKT-0000016;37;23456789.99;89012345.44
TKT-0000016;38;89012345.55;23456789.77
TKT-0000016;39;90123456.66;45678901.88
TKT-0000016;40;45678901.56;67890123.22
TKT-0000016;41;56789012.22;67890123.22
TKT-0000016;42;90123456.66;34567890.77
TKT-0000016;43;23456789.12;78901234.33
TKT-0000016;44;12345678.0;23456789.66
TKT-0000016;45;89012345.55;90123456.55
TKT-0000016;46;34567890.1;78901234.33
TKT-0000016;47;34567890.34;78901234.22
TKT-0000016;48;78901234.44;12345678.66
TKT-0000016;49;34567890.34;23456789.77
TKT-0000016;50;45678901.56;78901234.33
TKT-0000016;51;23456789.88;34567890.88
TKT-0000016;52;23456789.99;89012345.44
TKT-0000016;53;78901234.12;12345678.55
TKT-0000016;54;89012345.55;34567890.88
TKT-0000016;55;78901234.12;90123456.44
TKT-0000016;56;12345678.77;12345678.66
TKT-0000016;57;34567890.34;90123456.55
TKT-0000016;58;34567890.34;23456789.77
TKT-0000016;59;78901234.44;45678901.99
TKT-0000016;60;12345678.9;78901234.33
TKT-0000016;61;90123456.66;67890123.11
TKT-0000016;62;23456789.12;78901234.33
TKT-0000016;63;90123456.78;89012345.44
TKT-0000016;64;45678901.56;34567890.77
TKT-0000016;65;23456789.12;56789012.11
TKT-0000016;66;34567890.34;34567890.99
TKT-0000016;67;23456789.88;12345678.55
TKT-0000016;68;23456789.99;67890123.22
TKT-0000016;69;23456789.99;12345678.66
TKT-0000016;70;78901234.12;23456789.66
TKT-0000016;71;12345678.77;90123456.55
TKT-0000016;72;12345678.77;89012345.44
TKT-0000016;73;12345678.9;34567890.88
TKT-0000016;74;56789012.78;34567890.88
TKT-0000016;75;23456789.88;90123456.44
TKT-0000016;76;45678901.11;34567890.77
TKT-0000016;77;78901234.44;56789012.11
TKT-0000016;78;45678901.11;12345678.55
TKT-0000016;79;78901234.12;23456789.66
TKT-0000016;80;12345678.9;34567890.77
TKT-0000016;81;67890123.33;90123456.44
TKT-0000016;82;45678901.11;45678901.0
TKT-0000016;83;78901234.12;56789012.0
TKT-0000016;84;90123456.78;67890123.11
TKT-0000016;85;56789012.22;12345678.66
TKT-0000016;86;89012345.67;89012345.44
TKT-0000016;87;34567890.1;23456789.77
TKT-0000016;88;90123456.78;34567890.99
TKT-0000016;89;56789012.22;78901234.22
TKT-0000016;90;89012345.67;67890123.11
TKT-0000016;91;45678901.11;78901234.22
TKT-0000016;92;67890123.33;34567890.77
TKT-0000016;93;89012345.67;67890123.22
TKT-0000016;94;89012345.55;89012345.33
TKT-0000016;95;78901234.12;23456789.66
TKT-0000016;96;23456789.99;23456789.77
TKT-0000016;97;23456789.88;45678901.0
TKT-0000016;98;67890123.33;78901234.33
TKT-0000016;99;23456789.99;45678901.88
TKT-0000017;1;56789012.22;23456789.77
TKT-0000017;2;12345678.0;78901234.33
TKT-0000017;3;12345678.77;67890123.22
TKT-0000017;4;12345678.0;56789012.11
TKT-0000017;5;12345678.0;23456789.77
TKT-0000017;6;78901234.44;34567890.99
TKT-0000017;7;23456789.88;67890123.11
TKT-0000017;8;78901234.44;34567890.99
TKT-0000017;9;23456789.88;12345678.66
TKT-0000017;10;45678901.11;23456789.66
TKT-0000017;11;23456789.99;90123456.44
TKT-0000017;12;89012345.55;90123456.55
TKT-0000017;13;45678901.56;45678901.88
TKT-0000017;14;45678901.56;45678901.0
TKT-0000017;15;34567890.1;12345678.55
TKT-0000017;16;12345678.77;12345678.55
TKT-0000017;17;67890123.9;90123456.55
TKT-0000017;18;34567890.34;23456789.77
TKT-0000017;19;45678901.11;78901234.33
TKT-0000017;20;78901234.44;90123456.55
TKT-0000017;21;90123456.78;23456789.77
TKT-0000017;22;12345678.9;89012345.33
TKT-0000017;23;67890123.9;12345678.66
TKT-0000017;24;23456789.99;78901234.33
TKT-0000017;25;23456789.88;90123456.44
TKT-0000017;26;34567890.1;89012345.44
TKT-0000017;27;45678901.56;56789012.11
TKT-0000017;28;23456789.12;67890123.22
TKT-0000017;29;78901234.44;45678901.99
TKT-0000017;30;45678901.56;67890123.11
TKT-0000017;31;34567890.1;67890123.22
TKT-0000017;32;45678901.56;12345678.66
TKT-0000017;33;78901234.12;45678901.88
TKT-0000017;34;78901234.44;34567890.88
TKT-0000017;35;90123456.66;67890123.22
TKT-0000017;36;12345678.77;67890123.11
TKT-0000017;37;12345678.77;12345678.66
TKT-0000017;38;90123456.78;67890123.22
TKT-0000017;39;23456789.88;23456789.77
TKT-0000017;40;78901234.12;90123456.55
TKT-0000017;41;34567890.1;45678901.99
TKT-0000017;42;45678901.11;89012345.44
TKT-0000017;43;90123456.66;56789012.0
TKT-0000017;44;90123456.78;89012345.44
TKT-0000017;45;90123456.78;12345678.55
TKT-0000017;46;23456789.99;45678901.88
TKT-0000017;47;78901234.12;90123456.55
TKT-0000017;48;89012345.55;12345678.55
TKT-0000017;49;12345678.9;89012345.33
TKT-0000017;50;67890123.9;23456789.66
TKT-0000017;51;90123456.66;56789012.11
TKT-0000017;52;67890123.9;23456789.77
TKT-0000017;53;12345678.9;78901234.22
TKT-0000017;54;78901234.44;89012345.33
TKT-0000017;55;78901234.12;23456789.77
TKT-0000017;56;34567890.1;23456789.66
TKT-0000017;57;12345678.0;78901234.33
TKT-0000017;58;12345678.77;78901234.33
TKT-0000017;59;56789012.22;89012345.44
TKT-0000017;60;78901234.12;78901234.22
TKT-0000017;61;56789012.22;56789012.0
TKT-0000017;62;90123456.66;56789012.0
TKT-0000017;63;67890123.9;90123456.55
TKT-0000017;64;90123456.66;45678901.88
TKT-0000017;65;56789012.78;90123456.44
TKT-0000017;66;23456789.12;56789012.0
TKT-0000017;67;34567890.34;23456789.77
TKT-0000017;68;45678901.56;67890123.22
TKT-0000017;69;78901234.12;45678901.0
TKT-0000017;70;12345678.9;78901234.33
TKT-0000017;71;45678901.56;78901234.33
TKT-0000017;72;56789012.78;34567890.77
TKT-0000017;73;90123456.78;45678901.88
TKT-0000017;74;78901234.44;45678901.0
TKT-0000017;75;56789012.22;45678901.99
TKT-0000017;76;12345678.9;90123456.55
TKT-0000017;77;90123456.66;56789012.11
TKT-0000017;78;34567890.1;45678901.99
TKT-0000017;79;90123456.66;78901234.33
TKT-0000017;80;23456789.12;12345678.66
TKT-0000017;81;90123456.66;90123456.55
TKT-0000017;82;78901234.12;23456789.66
TKT-0000017;83;23456789.88;45678901.99
TKT-0000017;84;89012345.67;67890123.22
TKT-0000017;85;23456789.12;78901234.22
TKT-0000017;86;12345678.0;45678901.88
TKT-0000017;87;67890123.33;23456789.77
TKT-0000017;88;12345678.9;90123456.44
TKT-0000017;89;12345678.77;34567890.77
TKT-0000017;90;23456789.12;90123456.55
TKT-0000017;91;12345678.0;67890123.22
TKT-0000017;92;89012345.67;45678901.99
TKT-0000017;93;45678901.56;34567890.77
TKT-0000017;94;89012345.55;90123456.44
TKT-0000017;95;45678901.56;34567890.99
TKT-0000017;96;90123456.66;89012345.44
TKT-0000017;97;78901234.12;45678901.99
TKT-0000017;98;34567890.34;67890123.11
TKT-0000017;99;89012345.67;78901234.33
TKT-0000018;1;45678901.11;78901234.33
TKT-0000018;2;12345678.77;34567890.88
TKT-0000018;3;23456789.12;67890123.22
TKT-0000018;4;90123456.66;45678901.99
TKT-0000018;5;12345678.77;12345678.66
TKT-0000018;6;67890123.9;23456789.66
TKT-0000018;7;90123456.78;12345678.66
TKT-0000018;8;12345678.9;45678901.88
TKT-0000018;9;12345678.77;12345678.55
TKT-0000018;10;12345678.0;89012345.33
TKT-0000018;11;90123456.78;34567890.77
TKT-0000018;12;67890123.33;23456789.66
TKT-0000018;13;89012345.55;34567890.88
TKT-0000018;14;34567890.1;34567890.99
TKT-0000018;15;45678901.11;78901234.22
TKT-0000018;16;23456789.99;45678901.99
TKT-0000018;17;34567890.34;12345678.66
TKT-0000018;18;12345678.77;89012345.44
TKT-0000018;19;45678901.56;34567890.99
TKT-0000018;20;34567890.34;45678901.0
TKT-0000018;21;45678901.11;23456789.77
TKT-0000018;22;89012345.55;56789012.11
TKT-0000018;23;23456789.88;67890123.22
TKT-0000018;24;78901234.12;12345678.55
TKT-0000018;25;89012345.67;90123456.55
TKT-0000018;26;78901234.44;67890123.22
TKT-0000018;27;23456789.99;12345678.55
TKT-0000018;28;23456789.99;78901234.33
TKT-0000018;29;89012345.67;45678901.88
TKT-0000018;30;67890123.9;23456789.66
TKT-0000018;31;23456789.99;12345678.66
TKT-0000018;32;23456789.12;34567890.77
TKT-0000018;33;89012345.67;45678901.99
TKT-0000018;34;89012345.55;89012345.44
TKT-0000018;35;12345678.77;89012345.44
TKT-0000018;36;67890123.9;67890123.22
TKT-0000018;37;34567890.34;45678901.99
TKT-0000018;38;34567890.34;90123456.55
TKT-0000018;39;67890123.9;89012345.44
TKT-0000018;40;12345678.0;56789012.11
TKT-0000018;41;78901234.12;12345678.66
TKT-0000018;42;89012345.67;89012345.33
TKT-0000018;43;23456789.88;89012345.44
TKT-0000018;44;12345678.9;89012345.44
TKT-0000018;45;23456789.88;45678901.88
TKT-0000018;46;34567890.1;45678901.0
TKT-0000018;47;12345678.9;45678901.0
TKT-0000018;48;67890123.33;34567890.99
TKT-0000018;49;45678901.11;45678901.99
TKT-0000018;50;12345678.9;67890123.11
TKT-0000018;51;45678901.56;23456789.66
TKT-0000018;52;89012345.67;67890123.22
TKT-0000018;53;23456789.12;78901234.22
TKT-0000018;54;34567890.1;90123456.55
TKT-0000018;55;56789012.78;78901234.33
TKT-0000018;56;45678901.11;56789012.11
TKT-0000018;57;12345678.9;56789012.11
TKT-0000018;58;78901234.12;90123456.44
TKT-0000018;59;78901234.12;34567890.77
TKT-0000018;60;89012345.55;12345678.66
TKT-0000018;61;67890123.33;78901234.22
TKT-0000018;62;12345678.9;89012345.33
TKT-0000018;63;78901234.44;34567890.88
TKT-0000018;64;45678901.56;45678901.99
TKT-0000018;65;12345678.9;12345678.66
TKT-0000018;66;67890123.33;56789012.0
TKT-0000018;67;34567890.1;90123456.55
TKT-0000018;68;34567890.34;56789012.0
TKT-0000018;69;23456789.12;78901234.33
TKT-0000018;70;56789012.78;67890123.11
TKT-0000018;71;90123456.66;34567890.88
TKT-0000018;72;23456789.99;23456789.66
TKT-0000018;73;56789012.78;56789012.11
TKT-0000018;74;89012345.55;45678901.0
TKT-0000018;75;45678901.11;56789012.11
TKT-0000018;76;23456789.99;12345678.66
TKT-0000018;77;78901234.44;67890123.22
TKT-0000018;78;56789012.22;78901234.22
TKT-0000018;79;45678901.56;90123456.55
TKT-0000018;80;45678901.56;89012345.33
TKT-0000018;81;89012345.67;89012345.33
TKT-0000018;82;67890123.33;12345678.66
TKT-0000018;83;34567890.34;56789012.11
TKT-0000018;84;67890123.33;56789012.11
TKT-0000018;85;12345678.0;12345678.55
TKT-0000018;86;78901234.12;56789012.11
TKT-0000018;87;78901234.44;45678901.88
TKT-0000018;88;45678901.11;89012345.44
TKT-0000018;89;12345678.9;89012345.33
TKT-0000018;90;67890123.33;78901234.22
TKT-0000018;91;90123456.78;45678901.88
TKT-0000018;92;56789012.78;12345678.55
TKT-0000018;93;89012345.67;67890123.22
TKT-0000018;94;45678901.11;89012345.44
TKT-0000018;95;34567890.1;67890123.11
TKT-0000018;96;45678901.11;34567890.88
TKT-0000018;97;78901234.44;89012345.44
TKT-0000018;98;12345678.0;45678901.0
TKT-0000018;99;34567890.1;45678901.99
TKT-0000019;1;90123456.66;34567890.77
TKT-0000019;2;67890123.33;89012345.44
TKT-0000019;3;12345678.77;56789012.11
TKT-0000019;4;12345678.9;23456789.77
TKT-0000019;5;23456789.88;89012345.33
TKT-0000019;6;34567890.1;89012345.44
TKT-0000019;7;56789012.22;34567890.99
TKT-0000019;8;12345678.77;34567890.77
TKT-0000019;9;23456789.99;90123456.44
TKT-0000019;10;90123456.78;78901234.22
TKT-0000019;11;56789012.78;90123456.44
TKT-0000019;12;67890123.9;34567890.99
TKT-0000019;13;67890123.9;12345678.66
TKT-0000019;14;45678901.11;23456789.77
TKT-0000019;15;23456789.99;78901234.22
TKT-0000019;16;12345678.77;56789012.0
TKT-0000019;17;89012345.55;34567890.77
TKT-0000019;18;89012345.67;34567890.88
TKT-0000019;19;56789012.78;56789012.11
TKT-0000019;20;12345678.9;23456789.77
TKT-0000019;21;56789012.22;78901234.22
TKT-0000019;22;90123456.78;78901234.33
TKT-0000019;23;89012345.67;12345678.66
TKT-0000019;24;12345678.0;34567890.77
TKT-0000019;25;89012345.67;34567890.88
TKT-0000019;26;34567890.1;78901234.33
TKT-0000019;27;12345678.77;90123456.55
TKT-0000019;28;45678901.11;45678901.99
TKT-0000019;29;12345678.9;34567890.99
TKT-0000019;30;45678901.56;45678901.0
TKT-0000019;31;56789012.22;45678901.0
TKT-0000019;32;23456789.88;34567890.77
TKT-0000019;33;78901234.12;45678901.99
TKT-0000019;34;90123456.78;23456789.66
TKT-0000019;35;23456789.99;34567890.99
TKT-0000019;36;23456789.12;67890123.22
TKT-0000019;37;56789012.78;90123456.44
TKT-0000019;38;45678901.56;45678901.88
TKT-0000019;39;34567890.1;89012345.44
TKT-0000019;40;78901234.12;89012345.33
TKT-0000019;41;12345678.0;89012345.33
TKT-0000019;42;45678901.11;78901234.22
TKT-0000019;43;12345678.0;67890123.11
TKT-0000019;44;89012345.67;56789012.0
TKT-0000019;45;67890123.9;12345678.66
TKT-0000019;46;56789012.78;23456789.66
TKT-0000019;47;67890123.9;78901234.33
TKT-0000019;48;12345678.9;12345678.55
TKT-0000019;49;67890123.9;89012345.33
TKT-0000019;50;34567890.1;45678901.99
TKT-0000019;51;45678901.11;45678901.99
TKT-0000019;52;67890123.9;34567890.77
TKT-0000019;53;90123456.78;67890123.11
TKT-0000019;54;23456789.99;90123456.44
TKT-0000019;55;67890123.33;45678901.88
TKT-0000019;56;45678901.11;34567890.88
TKT-0000019;57;90123456.66;78901234.33
TKT-0000019;58;45678901.56;34567890.77
TKT-0000019;59;34567890.1;12345678.55
TKT-0000019;60;56789012.22;89012345.44
TKT-0000019;61;34567890.34;45678901.0
TKT-0000019;62;89012345.67;45678901.99
TKT-0000019;63;45678901.11;90123456.44
TKT-0000019;64;45678901.56;56789012.0
TKT-0000019;65;12345678.0;45678901.0
TKT-0000019;66;45678901.56;23456789.66
TKT-0000019;67;90123456.78;89012345.44
TKT-0000019;68;56789012.78;45678901.88
TKT-0000019;69;89012345.67;12345678.66
TKT-0000019;70;34567890.1;56789012.11
TKT-0000019;71;67890123.9;34567890.99
TKT-0000019;72;12345678.77;23456789.66
TKT-0000019;73;78901234.12;89012345.44
TKT-0000019;74;67890123.33;67890123.22
TKT-0000019;75;45678901.11;67890123.22
TKT-0000019;76;78901234.12;23456789.66
TKT-0000019;77;23456789.12;34567890.88
TKT-0000019;78;12345678.0;34567890.88
TKT-0000019;79;56789012.78;67890123.11
TKT-0000019;80;67890123.9;89012345.33
TKT-0000019;81;67890123.9;90123456.55
TKT-0000019;82;89012345.55;56789012.11
TKT-0000019;83;34567890.34;56789012.0
TKT-0000019;84;23456789.88;78901234.33
TKT-0000019;85;34567890.34;23456789.77
TKT-0000019;86;23456789.88;34567890.99
TKT-0000019;87;12345678.9;67890123.11
TKT-0000019;88;34567890.34;89012345.44
TKT-0000019;89;67890123.33;23456789.66
TKT-0000019;90;45678901.56;89012345.33
TKT-0000019;91;90123456.78;89012345.33
TKT-0000019;92;90123456.66;78901234.33
TKT-0000019;93;67890123.33;45678901.0
TKT-0000019;94;90123456.66;34567890.99
TKT-0000019;95;90123456.78;34567890.88
TKT-0000019;96;78901234.12;34567890.99
TKT-0000019;97;78901234.12;78901234.33
TKT-0000019;98;34567890.1;34567890.77
TKT-0000019;99;23456789.88;12345678.55
TKT-0000020;1;89012345.67;67890123.11
TKT-0000020;2;90123456.66;67890123.11
TKT-0000020;3;12345678.77;23456789.77
TKT-0000020;4;23456789.88;45678901.88
TKT-0000020;5;67890123.9;89012345.33
TKT-0000020;6;23456789.99;67890123.22
TKT-0000020;7;67890123.9;67890123.22
TKT-0000020;8;45678901.11;67890123.11
TKT-0000020;9;56789012.22;89012345.33
TKT-0000020;10;12345678.0;90123456.55
TKT-0000020;11;23456789.99;56789012.0
TKT-0000020;12;56789012.22;34567890.77
TKT-0000020;13;45678901.11;34567890.88
TKT-0000020;14;89012345.55;34567890.99
TKT-0000020;15;34567890.1;12345678.66
TKT-0000020;16;23456789.99;89012345.33
TKT-0000020;17;45678901.11;23456789.77
TKT-0000020;18;23456789.12;12345678.55
TKT-0000020;19;78901234.44;45678901.88
TKT-0000020;20;12345678.0;78901234.33
TKT-0000020;21;90123456.78;90123456.55
TKT-0000020;22;90123456.66;12345678.55
TKT-0000020;23;12345678.77;56789012.0
TKT-0000020;24;67890123.9;12345678.66
TKT-0000020;25;78901234.12;34567890.99
TKT-0000020;26;89012345.67;90123456.55
TKT-0000020;27;78901234.44;34567890.77
TKT-0000020;28;78901234.12;56789012.11
TKT-0000020;29;89012345.67;23456789.77
TKT-0000020;30;34567890.34;45678901.88
TKT-0000020;31;23456789.12;34567890.77
TKT-0000020;32;45678901.11;56789012.0
TKT-0000020;33;56789012.78;12345678.55
TKT-0000020;34;45678901.56;45678901.88
TKT-0000020;35;89012345.55;12345678.55
TKT-0000020;36;78901234.12;45678901.0
TKT-0000020;37;56789012.78;12345678.66
TKT-0000020;38;23456789.88;34567890.77
TKT-0000020;39;45678901.56;34567890.77
TKT-0000020;40;12345678.77;67890123.22
TKT-0000020;41;89012345.55;90123456.55
TKT-0000020;42;90123456.66;89012345.33
TKT-0000020;43;89012345.67;78901234.33
TKT-0000020;44;12345678.9;34567890.99
TKT-0000020;45;34567890.1;90123456.55
TKT-0000020;46;12345678.0;23456789.77
TKT-0000020;47;89012345.67;67890123.22
TKT-0000020;48;78901234.44;23456789.66
TKT-0000020;49;90123456.78;89012345.44
TKT-0000020;50;90123456.78;90123456.55
TKT-0000020;51;89012345.55;23456789.77
TKT-0000020;52;78901234.12;45678901.0
TKT-0000020;53;23456789.99;34567890.77
TKT-0000020;54;90123456.78;67890123.11
TKT-0000020;55;67890123.33;23456789.66
TKT-0000020;56;45678901.56;78901234.22
TKT-0000020;57;34567890.34;45678901.0
TKT-0000020;58;23456789.99;90123456.55
TKT-0000020;59;34567890.34;34567890.77
TKT-0000020;60;78901234.44;56789012.11
TKT-0000020;61;89012345.67;89012345.44
TKT-0000020;62;78901234.12;45678901.88
TKT-0000020;63;23456789.12;90123456.55
TKT-0000020;64;67890123.33;78901234.33
TKT-0000020;65;23456789.99;89012345.44
TKT-0000020;66;78901234.44;67890123.22
TKT-0000020;67;45678901.11;45678901.88
TKT-0000020;68;12345678.9;34567890.88
TKT-0000020;69;67890123.33;34567890.77
TKT-0000020;70;23456789.88;67890123.11
TKT-0000020;71;23456789.88;67890123.22
TKT-0000020;72;67890123.33;67890123.11
TKT-0000020;73;23456789.99;45678901.0
TKT-0000020;74;34567890.34;78901234.22
TKT-0000020;75;12345678.0;89012345.44
TKT-0000020;76;12345678.77;78901234.22
TKT-0000020;77;34567890.34;23456789.77
TKT-0000020;78;12345678.77;90123456.44
TKT-0000020;79;12345678.77;12345678.66
TKT-0000020;80;12345678.9;45678901.0
TKT-0000020;81;34567890.1;34567890.77
TKT-0000020;82;23456789.99;89012345.44
TKT-0000020;83;67890123.9;67890123.22
TKT-0000020;84;23456789.88;45678901.99
TKT-0000020;85;56789012.22;45678901.0
TKT-0000020;86;89012345.55;45678901.88
TKT-0000020;87;67890123.9;67890123.22
TKT-0000020;88;34567890.34;34567890.88
TKT-0000020;89;45678901.56;78901234.22
TKT-0000020;90;12345678.9;90123456.55
TKT-0000020;91;90123456.66;45678901.0
TKT-0000020;92;67890123.33;56789012.11
TKT-0000020;93;45678901.56;78901234.33
TKT-0000020;94;78901234.44;12345678.55
TKT-0000020;95;67890123.33;45678901.88
TKT-0000020;96;67890123.33;34567890.77
TKT-0000020;97;67890123.33;34567890.77
TKT-0000020;98;89012345.55;45678901.0
TKT-0000020;99;12345678.0;34567890.99
